time,subperiod_index,weight
1,9,0.4931506849315068
2,9,0.4931506849315068
3,9,0.4931506849315068
4,9,0.4931506849315068
5,9,0.4931506849315068
6,9,0.4931506849315068
7,9,0.4931506849315068
8,9,0.4931506849315068
9,9,0.4931506849315068
10,9,0.4931506849315068
11,9,0.4931506849315068
12,9,0.4931506849315068
13,9,0.4931506849315068
14,9,0.4931506849315068
15,9,0.4931506849315068
16,9,0.4931506849315068
17,9,0.4931506849315068
18,9,0.4931506849315068
19,9,0.4931506849315068
20,9,0.4931506849315068
21,9,0.4931506849315068
22,9,0.4931506849315068
23,9,0.4931506849315068
24,9,0.4931506849315068
25,26,0.7232876712328766
26,26,0.7232876712328766
27,26,0.7232876712328766
28,26,0.7232876712328766
29,26,0.7232876712328766
30,26,0.7232876712328766
31,26,0.7232876712328766
32,26,0.7232876712328766
33,26,0.7232876712328766
34,26,0.7232876712328766
35,26,0.7232876712328766
36,26,0.7232876712328766
37,26,0.7232876712328766
38,26,0.7232876712328766
39,26,0.7232876712328766
40,26,0.7232876712328766
41,26,0.7232876712328766
42,26,0.7232876712328766
43,26,0.7232876712328766
44,26,0.7232876712328766
45,26,0.7232876712328766
46,26,0.7232876712328766
47,26,0.7232876712328766
48,26,0.7232876712328766
49,40,0.42739726027397257
50,40,0.42739726027397257
51,40,0.42739726027397257
52,40,0.42739726027397257
53,40,0.42739726027397257
54,40,0.42739726027397257
55,40,0.42739726027397257
56,40,0.42739726027397257
57,40,0.42739726027397257
58,40,0.42739726027397257
59,40,0.42739726027397257
60,40,0.42739726027397257
61,40,0.42739726027397257
62,40,0.42739726027397257
63,40,0.42739726027397257
64,40,0.42739726027397257
65,40,0.42739726027397257
66,40,0.42739726027397257
67,40,0.42739726027397257
68,40,0.42739726027397257
69,40,0.42739726027397257
70,40,0.42739726027397257
71,40,0.42739726027397257
72,40,0.42739726027397257
73,68,1.7753424657534245
74,68,1.7753424657534245
75,68,1.7753424657534245
76,68,1.7753424657534245
77,68,1.7753424657534245
78,68,1.7753424657534245
79,68,1.7753424657534245
80,68,1.7753424657534245
81,68,1.7753424657534245
82,68,1.7753424657534245
83,68,1.7753424657534245
84,68,1.7753424657534245
85,68,1.7753424657534245
86,68,1.7753424657534245
87,68,1.7753424657534245
88,68,1.7753424657534245
89,68,1.7753424657534245
90,68,1.7753424657534245
91,68,1.7753424657534245
92,68,1.7753424657534245
93,68,1.7753424657534245
94,68,1.7753424657534245
95,68,1.7753424657534245
96,68,1.7753424657534245
97,131,1.2493150684931507
98,131,1.2493150684931507
99,131,1.2493150684931507
100,131,1.2493150684931507
101,131,1.2493150684931507
102,131,1.2493150684931507
103,131,1.2493150684931507
104,131,1.2493150684931507
105,131,1.2493150684931507
106,131,1.2493150684931507
107,131,1.2493150684931507
108,131,1.2493150684931507
109,131,1.2493150684931507
110,131,1.2493150684931507
111,131,1.2493150684931507
112,131,1.2493150684931507
113,131,1.2493150684931507
114,131,1.2493150684931507
115,131,1.2493150684931507
116,131,1.2493150684931507
117,131,1.2493150684931507
118,131,1.2493150684931507
119,131,1.2493150684931507
120,131,1.2493150684931507
121,164,1.4136986301369863
122,164,1.4136986301369863
123,164,1.4136986301369863
124,164,1.4136986301369863
125,164,1.4136986301369863
126,164,1.4136986301369863
127,164,1.4136986301369863
128,164,1.4136986301369863
129,164,1.4136986301369863
130,164,1.4136986301369863
131,164,1.4136986301369863
132,164,1.4136986301369863
133,164,1.4136986301369863
134,164,1.4136986301369863
135,164,1.4136986301369863
136,164,1.4136986301369863
137,164,1.4136986301369863
138,164,1.4136986301369863
139,164,1.4136986301369863
140,164,1.4136986301369863
141,164,1.4136986301369863
142,164,1.4136986301369863
143,164,1.4136986301369863
144,164,1.4136986301369863
145,206,0.3945205479452054
146,206,0.3945205479452054
147,206,0.3945205479452054
148,206,0.3945205479452054
149,206,0.3945205479452054
150,206,0.3945205479452054
151,206,0.3945205479452054
152,206,0.3945205479452054
153,206,0.3945205479452054
154,206,0.3945205479452054
155,206,0.3945205479452054
156,206,0.3945205479452054
157,206,0.3945205479452054
158,206,0.3945205479452054
159,206,0.3945205479452054
160,206,0.3945205479452054
161,206,0.3945205479452054
162,206,0.3945205479452054
163,206,0.3945205479452054
164,206,0.3945205479452054
165,206,0.3945205479452054
166,206,0.3945205479452054
167,206,0.3945205479452054
168,206,0.3945205479452054
169,215,1.1835616438356162
170,215,1.1835616438356162
171,215,1.1835616438356162
172,215,1.1835616438356162
173,215,1.1835616438356162
174,215,1.1835616438356162
175,215,1.1835616438356162
176,215,1.1835616438356162
177,215,1.1835616438356162
178,215,1.1835616438356162
179,215,1.1835616438356162
180,215,1.1835616438356162
181,215,1.1835616438356162
182,215,1.1835616438356162
183,215,1.1835616438356162
184,215,1.1835616438356162
185,215,1.1835616438356162
186,215,1.1835616438356162
187,215,1.1835616438356162
188,215,1.1835616438356162
189,215,1.1835616438356162
190,215,1.1835616438356162
191,215,1.1835616438356162
192,215,1.1835616438356162
193,253,0.29589041095890406
194,253,0.29589041095890406
195,253,0.29589041095890406
196,253,0.29589041095890406
197,253,0.29589041095890406
198,253,0.29589041095890406
199,253,0.29589041095890406
200,253,0.29589041095890406
201,253,0.29589041095890406
202,253,0.29589041095890406
203,253,0.29589041095890406
204,253,0.29589041095890406
205,253,0.29589041095890406
206,253,0.29589041095890406
207,253,0.29589041095890406
208,253,0.29589041095890406
209,253,0.29589041095890406
210,253,0.29589041095890406
211,253,0.29589041095890406
212,253,0.29589041095890406
213,253,0.29589041095890406
214,253,0.29589041095890406
215,253,0.29589041095890406
216,253,0.29589041095890406
217,263,1.676712328767123
218,263,1.676712328767123
219,263,1.676712328767123
220,263,1.676712328767123
221,263,1.676712328767123
222,263,1.676712328767123
223,263,1.676712328767123
224,263,1.676712328767123
225,263,1.676712328767123
226,263,1.676712328767123
227,263,1.676712328767123
228,263,1.676712328767123
229,263,1.676712328767123
230,263,1.676712328767123
231,263,1.676712328767123
232,263,1.676712328767123
233,263,1.676712328767123
234,263,1.676712328767123
235,263,1.676712328767123
236,263,1.676712328767123
237,263,1.676712328767123
238,263,1.676712328767123
239,263,1.676712328767123
240,263,1.676712328767123
241,327,2.0712328767123287
242,327,2.0712328767123287
243,327,2.0712328767123287
244,327,2.0712328767123287
245,327,2.0712328767123287
246,327,2.0712328767123287
247,327,2.0712328767123287
248,327,2.0712328767123287
249,327,2.0712328767123287
250,327,2.0712328767123287
251,327,2.0712328767123287
252,327,2.0712328767123287
253,327,2.0712328767123287
254,327,2.0712328767123287
255,327,2.0712328767123287
256,327,2.0712328767123287
257,327,2.0712328767123287
258,327,2.0712328767123287
259,327,2.0712328767123287
260,327,2.0712328767123287
261,327,2.0712328767123287
262,327,2.0712328767123287
263,327,2.0712328767123287
264,327,2.0712328767123287
265,364,0.29589041095890406
266,364,0.29589041095890406
267,364,0.29589041095890406
268,364,0.29589041095890406
269,364,0.29589041095890406
270,364,0.29589041095890406
271,364,0.29589041095890406
272,364,0.29589041095890406
273,364,0.29589041095890406
274,364,0.29589041095890406
275,364,0.29589041095890406
276,364,0.29589041095890406
277,364,0.29589041095890406
278,364,0.29589041095890406
279,364,0.29589041095890406
280,364,0.29589041095890406
281,364,0.29589041095890406
282,364,0.29589041095890406
283,364,0.29589041095890406
284,364,0.29589041095890406
285,364,0.29589041095890406
286,364,0.29589041095890406
287,364,0.29589041095890406
288,364,0.29589041095890406
