type,Fuel,Investment,FixedOM,VariableOM,Startup,NonServedDemand,UnmetPolicyPenalty,Total
Steelmaking,3.940958938419084e11,2.1294935964641815e8,7.563369646097075e10,0.0,0.0,0.0,0.0,4.699425396625256e11
AluminaPlant{NaturalGas},6.101015386613054e10,1.6019285414817376e9,1.1879685611448941e11,5.091293833478119e10,0.0,0.0,0.0,2.3232187685688287e11
OneWayTransmissionLink{Aluminum},0.0,0.0,0.0,2.5223334580366955e9,0.0,0.0,0.0,2.5223334580366955e9
AluminumRefining,1.7606736823214127e11,3.950369767622344e8,3.7710203360594225e9,9.67428331356502e9,0.0,0.0,0.0,1.8990770885852795e11
OneWayTransmissionLink{AluminumScrap},2.2473312048445547e12,0.0,0.0,4.168171014208354e10,0.0,0.0,0.0,2.289012914986638e12
AluminumSmelting,4.565727829942511e10,1.6856279140150932e10,3.1503753903455994e10,8.387411124635128e9,1.6645898550279787e9,0.0,0.0,1.0406931232269516e11
ThermalAmmonia{Coal},2.826841044824641e10,2.0026830113271189e9,5.104333501255461e9,0.0,0.0,0.0,0.0,3.537542696082899e10
ThermalAmmoniaCCS{Coal},1903.2629459116617,5712.077566964869,655.1670203968754,0.0,0.0,0.0,0.0,8270.507533273407
ThermalAmmonia{CokingOvenGas},9.586958441642627e8,0.0,6.189678320592788e6,0.0,0.0,0.0,0.0,9.648855224848554e8
ThermalAmmonia{NaturalGas},1.8978049535089424e10,4.2318909365105834e9,1.606482115621252e9,0.0,0.0,0.0,0.0,2.481642258722126e10
ThermalAmmoniaCCS{NaturalGas},3279.8830994055033,3463.9276078129174,397.31642942587996,0.0,0.0,0.0,0.0,7141.127136644302
SyntheticAmmonia,0.0,492.88920934755834,99.61593443499866,0.0,0.0,0.0,0.0,592.505143782557
OneWayTransmissionLink{Cement},0.0,0.0,0.0,1.702395740274227e8,0.0,0.0,0.0,1.702395740274227e8
OneWayTransmissionLink{CrudeSteel},0.0,0.0,0.0,4.48234190822603e10,0.0,0.0,0.0,4.48234190822603e10
OneWayTransmissionLink{DRI},0.0,0.0,0.0,4.1566237858500694e10,0.0,0.0,0.0,4.1566237858500694e10
DRIMaking,-146.80034432171354,1550.1331819213237,213.34427983555858,0.0,0.0,0.0,0.0,1616.6771174351688
ThermalMethanol{Coal},3.453175105243826e10,8.457480882472598e9,5.91457193153765e9,0.0,0.0,0.0,0.0,4.890380386644851e10
ThermalMethanolCCS{Coal},5.147500526882216e9,7.386583880820391e9,1.6198812081185966e9,0.0,0.0,0.0,0.0,1.4153965615821203e10
ThermalMethanol{CokingOvenGas},7.41123257389209e8,0.0,6.079952328557379e8,0.0,0.0,0.0,0.0,1.349118490244947e9
ThermalMethanol{NaturalGas},2.7500248455878615e9,0.0,5.676015358121831e8,0.0,0.0,0.0,0.0,3.3176263814000444e9
ThermalMethanolCCS{NaturalGas},3.987886226984599e9,6.063339588581595e9,1.2612994545075161e9,0.0,0.0,0.0,0.0,1.1312525270073711e10
SyntheticMethanol,0.0,4.626239745462302e9,9.351045810082494e8,0.0,0.0,0.0,0.0,5.5613443264705515e9
OneWayTransmissionLink{SteelScrap},3.1856274734219476e11,0.0,0.0,4.177259499174825e10,0.0,0.0,0.0,3.60335342333943e11
CementPlant{Coal},1.2486426242024841e11,1.6797090648956149e9,4.217849971562046e7,6.239301868223072e10,0.0,0.0,0.0,1.8897916866709036e11
ThermalPower{Coal},6.191893900802502e11,1.7603481337106136e10,4.185592458509666e10,9.999350564961555e10,2.8396104453599277e9,0.0,0.0,7.814819120974286e11
ThermalPower{NaturalGas},4.075157642310622e10,7.156099183273011e9,7.894023150888922e9,3.0402424558592257e9,1.6014653997492347e9,0.0,0.0,6.044340661287661e10
ThermalPowerCCS{Coal},1.446982295817007e10,2.558204367604734e10,1.9173987039324021e9,2.919236396306527e9,1.7253407323200552e9,0.0,0.0,4.661384246677639e10
ThermalPowerCCS{NaturalGas},9.25807696287462e9,1.7510388432470573e10,1.3124202210731635e9,1.1386465876289723e9,1.0661017267278993e9,0.0,0.0,3.0285633930775223e10
ThermalPower{Uranium},1.2685929038742115e10,0.0,8.823319251663551e9,3.173836721309254e9,0.0,0.0,0.0,2.468308501171492e10
BECCSElectricity,5.287790771892328e10,1.0167817060259924e10,2.744000652009371e9,0.0,0.0,0.0,0.0,6.578972543119257e10
HydroRes,0.0,0.0,5.752538207314532e10,0.0,0.0,0.0,0.0,5.752538207314532e10
VRE{Generic},0.0,1.6677440062880535e12,1.0577192023644002e11,0.0,0.0,0.0,0.0,1.7735159265244934e12
Electrolyzer,0.0,3.555008538833819e9,4.2878446893060756e8,0.0,0.0,0.0,0.0,3.983793007764426e9
ThermalHydrogen{NaturalGas},1.3617292611237736e10,2.37204679204565e9,3.1035975384017673e9,8.377138548387231e8,4.559042871461307e7,0.0,0.0,1.997624122523849e10
ThermalHydrogenCCS{NaturalGas},6.696597551658006e9,1.442839491964481e10,1.5768823899648314e9,1.0932141297245178e9,1.375422320451458e7,0.0,0.0,2.380884321419668e10
ThermalHydrogen{Coal},1.3192008040594124e10,9.381587784750532e8,9.541781090069557e9,2.6236847480592003e9,4.215885697076594e7,0.0,0.0,2.6337791514168697e10
ThermalHydrogenCCS{Coal},3.787628945742922e9,1.9690310088038036e10,2.509226950783993e9,9.660781621630384e8,8.339420540706045e6,0.0,0.0,2.69615835672687e10
OneWayTransmissionLink{Electricity},0.0,1.1046828623084389e11,6.016304342887304e9,0.0,0.0,0.0,0.0,1.1648459057373119e11
Battery,0.0,1.0379914373547834e10,1.0794974926533758e10,1.2150533777011676e8,0.0,0.0,0.0,2.1296394637851707e10
GasStorage{Hydrogen},0.0,1.1333243011004034e10,8.277600023236907e8,0.0,0.0,0.0,0.0,1.2161003013327724e10
TransmissionLink{Electricity},0.0,7.143454193125304e10,4.520378585137259e9,0.0,0.0,0.0,0.0,7.595492051639029e10
CO2Injection,0.0,1.366317815306828e10,1.358176923115846e9,0.0,0.0,0.0,0.0,1.5021355076184126e10
OneWayTransmissionLink{CO2Captured},0.0,1.9543750099590816e7,1.4052235274195517e6,0.0,0.0,0.0,0.0,2.0948973627010368e7
Node{Electricity},0.0,0.0,0.0,0.0,0.0,6.919980608267449e9,0.0,6.919980608267449e9
Node{Hydrogen},0.0,0.0,0.0,0.0,0.0,1.484602456928091e9,0.0,1.484602456928091e9
Node{CO2},0.0,0.0,0.0,0.0,0.0,0.0,2.115922578958823e6,2.115922578958823e6
Total,4.249478585951032e12,2.0575605948912039e12,5.158946272350976e11,4.198118506051441e11,9.006951088615696e9,8.40458306519554e9,2.115922578958823e6,7.260159308758868e12
