Time_Index,Demand_MW_Region1Beijing,Demand_MW_Region2Tianjin,Demand_MW_Region3Hebei,Demand_MW_Region4Shanxi,Demand_MW_Region5Innermongolia,Demand_MW_Region6Liaoning,Demand_MW_Region7Jilin,Demand_MW_Region8Heilongjiang,Demand_MW_Region9Shanghai,Demand_MW_Region10Jiangsu,Demand_MW_Region11Zhejiang,Demand_MW_Region12Anhui,Demand_MW_Region13Fujian,Demand_MW_Region14Jiangxi,Demand_MW_Region15Shandong,Demand_MW_Region16Henan,Demand_MW_Region17Hubei,Demand_MW_Region18Hunan,Demand_MW_Region19Guangdong,Demand_MW_Region20Guangxi,Demand_MW_Region21Hainan,Demand_MW_Region22Chongqing,Demand_MW_Region23Sichuan,Demand_MW_Region24Guizhou,Demand_MW_Region25Yunnan,Demand_MW_Region26Tibet,Demand_MW_Region27Shaanxi,Demand_MW_Region28Gansu,Demand_MW_Region29Qinghai,Demand_MW_Region30Ningxia,Demand_MW_Region31Xinjiang,Demand_H2_Region1Beijing,Demand_H2_Region2Tianjin,Demand_H2_Region3Hebei,Demand_H2_Region4Shanxi,Demand_H2_Region5Innermongolia,Demand_H2_Region6Liaoning,Demand_H2_Region7Jilin,Demand_H2_Region8Heilongjiang,Demand_H2_Region9Shanghai,Demand_H2_Region10Jiangsu,Demand_H2_Region11Zhejiang,Demand_H2_Region12Anhui,Demand_H2_Region13Fujian,Demand_H2_Region14Jiangxi,Demand_H2_Region15Shandong,Demand_H2_Region16Henan,Demand_H2_Region17Hubei,Demand_H2_Region18Hunan,Demand_H2_Region19Guangdong,Demand_H2_Region20Guangxi,Demand_H2_Region21Hainan,Demand_H2_Region22Chongqing,Demand_H2_Region23Sichuan,Demand_H2_Region24Guizhou,Demand_H2_Region25Yunnan,Demand_H2_Region26Tibet,Demand_H2_Region27Shaanxi,Demand_H2_Region28Gansu,Demand_H2_Region29Qinghai,Demand_H2_Region30Ningxia,Demand_H2_Region31Xinjiang,Demand_Heat_Region1Beijing,Demand_Heat_Region2Tianjin,Demand_Heat_Region3Hebei,Demand_Heat_Region4Shanxi,Demand_Heat_Region5Innermongolia,Demand_Heat_Region6Liaoning,Demand_Heat_Region7Jilin,Demand_Heat_Region8Heilongjiang,Demand_Heat_Region9Shanghai,Demand_Heat_Region10Jiangsu,Demand_Heat_Region11Zhejiang,Demand_Heat_Region12Anhui,Demand_Heat_Region13Fujian,Demand_Heat_Region14Jiangxi,Demand_Heat_Region15Shandong,Demand_Heat_Region16Henan,Demand_Heat_Region17Hubei,Demand_Heat_Region18Hunan,Demand_Heat_Region19Guangdong,Demand_Heat_Region20Guangxi,Demand_Heat_Region21Hainan,Demand_Heat_Region22Chongqing,Demand_Heat_Region23Sichuan,Demand_Heat_Region24Guizhou,Demand_Heat_Region25Yunnan,Demand_Heat_Region26Tibet,Demand_Heat_Region27Shaanxi,Demand_Heat_Region28Gansu,Demand_Heat_Region29Qinghai,Demand_Heat_Region30Ningxia,Demand_Heat_Region31Xinjiang
1,40580.12818997376,23551.524494493657,85367.48094806628,59568.42618485756,90723.72173899456,55860.20454708187,19496.67932233712,25083.59496015547,50490.838826889456,148170.34770085424,122105.39116728432,58952.723343165766,62942.83476273915,35345.0206119716,152927.16893288144,77524.81108580831,54327.0034696554,41088.82855161902,194583.9986100327,45763.32786093079,14820.148126631157,32859.14610695978,73439.55467484533,37696.13185851983,43854.78008819166,8095.872141658465,46602.23018184743,30483.887951724828,23754.802811609374,28927.106013305696,68154.55915711829,0.0,0.0,0.0,0.0,0.0,0.0,0.0,0.0,0.0,0.0,0.0,0.0,0.0,0.0,0.0,0.0,0.0,0.0,0.0,0.0,0.0,0.0,0.0,0.0,0.0,0.0,0.0,0.0,0.0,0.0,0.0,0.0,0.0,0.0,0.0,0.0,0.0,0.0,0.0,0.0,0.0,0.0,0.0,0.0,0.0,0.0,0.0,0.0,0.0,0.0,0.0,0.0,0.0,0.0,0.0,0.0,0.0,0.0,0.0,0.0,0.0,0.0
2,38593.24468224352,22452.572929091228,82611.25538214765,58724.26573398359,91034.78755597968,53707.48490138156,18721.20867539816,24115.53034301288,48735.5752439413,145556.74268849325,114762.79497238444,56553.0062870243,59517.84588228828,34043.094078891714,149398.93701901718,75176.02773600716,51879.47295962694,39093.67370117218,186182.55074098727,40970.265440847856,13842.293817269026,30787.41650936183,68667.44074852992,36028.01487679114,42243.26261052564,7928.010131904451,45121.686984551474,30084.74373521652,23374.752466987426,28739.56678937232,67017.78534913548,0.0,0.0,0.0,0.0,0.0,0.0,0.0,0.0,0.0,0.0,0.0,0.0,0.0,0.0,0.0,0.0,0.0,0.0,0.0,0.0,0.0,0.0,0.0,0.0,0.0,0.0,0.0,0.0,0.0,0.0,0.0,0.0,0.0,0.0,0.0,0.0,0.0,0.0,0.0,0.0,0.0,0.0,0.0,0.0,0.0,0.0,0.0,0.0,0.0,0.0,0.0,0.0,0.0,0.0,0.0,0.0,0.0,0.0,0.0,0.0,0.0,0.0
3,36695.19013440014,21615.22038826588,80609.9635036572,57884.21998930225,90191.99899027504,52286.67450788533,18449.383460782363,23465.99053012624,46161.26121768956,141508.62453529835,109439.72553010128,54973.13457581599,56410.11294164342,32539.282867670805,145388.56162983074,71836.68434977651,50669.99289652241,36937.8345953952,177048.37751043728,38238.51047139873,12942.271052288148,28868.01013908987,64484.67803877502,35204.754591146935,41494.6291799272,7923.864769776803,43248.0337708934,29884.546772884594,23851.88258184292,28325.89540499902,66316.90441504723,0.0,0.0,0.0,0.0,0.0,0.0,0.0,0.0,0.0,0.0,0.0,0.0,0.0,0.0,0.0,0.0,0.0,0.0,0.0,0.0,0.0,0.0,0.0,0.0,0.0,0.0,0.0,0.0,0.0,0.0,0.0,0.0,0.0,0.0,0.0,0.0,0.0,0.0,0.0,0.0,0.0,0.0,0.0,0.0,0.0,0.0,0.0,0.0,0.0,0.0,0.0,0.0,0.0,0.0,0.0,0.0,0.0,0.0,0.0,0.0,0.0,0.0
4,35947.06707379168,21115.68341606592,78672.37573404612,56761.290213584456,89802.45344201858,51660.22005861165,17923.73908288848,23166.921427372028,44636.07183906412,138193.88571728813,105242.7239913569,53330.56271586327,52653.06861650415,31810.33976002884,141369.719024198,68569.80268957716,49953.74782116742,35774.584416946294,169916.0808111013,35489.71143536574,11700.800607947349,27463.852707291066,61929.37398443401,34524.553040055085,40576.2372224715,7798.160924975074,42374.59930179115,30112.52437198608,23798.72256449343,28251.62496650121,65637.86160446059,0.0,0.0,0.0,0.0,0.0,0.0,0.0,0.0,0.0,0.0,0.0,0.0,0.0,0.0,0.0,0.0,0.0,0.0,0.0,0.0,0.0,0.0,0.0,0.0,0.0,0.0,0.0,0.0,0.0,0.0,0.0,0.0,0.0,0.0,0.0,0.0,0.0,0.0,0.0,0.0,0.0,0.0,0.0,0.0,0.0,0.0,0.0,0.0,0.0,0.0,0.0,0.0,0.0,0.0,0.0,0.0,0.0,0.0,0.0,0.0,0.0,0.0
5,35997.31469346825,21000.78924048753,77077.62136246629,56468.71963502328,89582.09695125541,51831.38383402833,17899.60812874715,22973.60712021844,44353.82522502287,137332.64988753534,106477.25820013812,53296.42509946468,51879.14830076856,31931.69621617108,140500.7238406945,68737.97547677741,48304.50128927155,35542.15032730439,160121.78428145425,34003.224061481895,11430.354406481929,26664.22362513419,60715.2155509115,35147.07399400293,40555.939948875486,7825.5564652263165,42340.67174151087,29947.961392003752,23704.741984178658,28135.669379478408,65723.51620523677,0.0,0.0,0.0,0.0,0.0,0.0,0.0,0.0,0.0,0.0,0.0,0.0,0.0,0.0,0.0,0.0,0.0,0.0,0.0,0.0,0.0,0.0,0.0,0.0,0.0,0.0,0.0,0.0,0.0,0.0,0.0,0.0,0.0,0.0,0.0,0.0,0.0,0.0,0.0,0.0,0.0,0.0,0.0,0.0,0.0,0.0,0.0,0.0,0.0,0.0,0.0,0.0,0.0,0.0,0.0,0.0,0.0,0.0,0.0,0.0,0.0,0.0
6,35632.57205225057,21039.25071148503,77761.0662743803,56283.31167617944,90315.08280578966,51956.258779703945,19121.5434963124,24205.824427632448,44570.35309388062,138322.34556827694,109698.59868731654,54704.99162768485,51304.89517632738,34500.20852641331,142260.34557349456,68056.07121090783,47508.30204492318,35076.17461521557,158710.72517032886,33592.66883004358,11331.73256002538,25673.80710931115,60731.25972132398,36383.731822281865,42598.08037214573,7820.06765544584,43295.08732201288,30250.53336225098,23812.356711915665,28842.1009242853,65718.6087386744,0.0,0.0,0.0,0.0,0.0,0.0,0.0,0.0,0.0,0.0,0.0,0.0,0.0,0.0,0.0,0.0,0.0,0.0,0.0,0.0,0.0,0.0,0.0,0.0,0.0,0.0,0.0,0.0,0.0,0.0,0.0,0.0,0.0,0.0,0.0,0.0,0.0,0.0,0.0,0.0,0.0,0.0,0.0,0.0,0.0,0.0,0.0,0.0,0.0,0.0,0.0,0.0,0.0,0.0,0.0,0.0,0.0,0.0,0.0,0.0,0.0,0.0
7,37914.29889561778,21959.047129214105,83930.44837270283,58034.943458424095,92657.02558282,53536.35861850486,21054.886703448534,28483.94002879834,46905.14553549217,145845.74326717784,116388.56788028983,59689.88390864603,54081.73310822107,37933.31740831151,146317.42377903225,69703.72016675952,47646.99609220687,37090.564059004784,160430.64533286885,35704.6051523107,11781.90390509034,26035.370039332127,64356.09465415523,40400.17195641171,47763.067882867,7707.752971324364,44872.54926161048,31301.45569039856,24386.32470362277,28815.81933736885,65160.04097080205,0.0,0.0,0.0,0.0,0.0,0.0,0.0,0.0,0.0,0.0,0.0,0.0,0.0,0.0,0.0,0.0,0.0,0.0,0.0,0.0,0.0,0.0,0.0,0.0,0.0,0.0,0.0,0.0,0.0,0.0,0.0,0.0,0.0,0.0,0.0,0.0,0.0,0.0,0.0,0.0,0.0,0.0,0.0,0.0,0.0,0.0,0.0,0.0,0.0,0.0,0.0,0.0,0.0,0.0,0.0,0.0,0.0,0.0,0.0,0.0,0.0,0.0
8,38824.65138318417,22395.314741013062,86789.79845997965,61183.53472669772,94313.01379787982,52808.0308048974,21674.194712421653,28964.45206487579,47606.20010059542,152560.99068621267,127563.48002677114,58454.59452433488,54345.80571190888,40074.9111261134,144977.44579695567,69799.18189337225,48745.28203633886,39663.84154189652,163753.93113726683,38170.592983194525,11713.193777507357,25524.278696410853,65676.9624193573,42975.5755591776,49788.01364553478,7814.102701551483,46361.49292573343,31564.9311699516,24994.78068178983,29026.8184898888,65104.262207971165,0.0,0.0,0.0,0.0,0.0,0.0,0.0,0.0,0.0,0.0,0.0,0.0,0.0,0.0,0.0,0.0,0.0,0.0,0.0,0.0,0.0,0.0,0.0,0.0,0.0,0.0,0.0,0.0,0.0,0.0,0.0,0.0,0.0,0.0,0.0,0.0,0.0,0.0,0.0,0.0,0.0,0.0,0.0,0.0,0.0,0.0,0.0,0.0,0.0,0.0,0.0,0.0,0.0,0.0,0.0,0.0,0.0,0.0,0.0,0.0,0.0,0.0
9,37926.457886307806,22053.39229854231,85916.98154441359,59585.30533809959,92607.02874751014,52475.30095916748,21568.75811557892,27785.226100093463,46219.46174354261,151312.31475243968,134722.46726340317,56292.58929021504,55207.88275944387,40820.41365602283,145345.0344352212,66592.43793779239,48024.98391062949,42469.7635993453,171316.2155940327,37235.86452141399,11309.061259774102,25610.01314022397,68360.68697415998,45451.09059027588,52565.22126724568,8095.880066219206,47514.39743350377,30633.51652264638,24946.69416323877,28052.283273116896,66155.10993655803,0.0,0.0,0.0,0.0,0.0,0.0,0.0,0.0,0.0,0.0,0.0,0.0,0.0,0.0,0.0,0.0,0.0,0.0,0.0,0.0,0.0,0.0,0.0,0.0,0.0,0.0,0.0,0.0,0.0,0.0,0.0,0.0,0.0,0.0,0.0,0.0,0.0,0.0,0.0,0.0,0.0,0.0,0.0,0.0,0.0,0.0,0.0,0.0,0.0,0.0,0.0,0.0,0.0,0.0,0.0,0.0,0.0,0.0,0.0,0.0,0.0,0.0
10,36859.995952295234,21931.20060146656,88811.89815150487,58535.497300750896,92200.32518695352,54380.73520366705,22315.621317356286,27870.26671332462,46996.78291187431,150181.6130302348,135663.02525923483,55082.9626217071,59986.1538345818,41225.254069496616,145048.9998140503,67495.13676225477,49208.7146196605,43505.858273505626,199318.3442262814,42983.26566196535,12153.238695071646,27540.27494557067,73679.44309769603,45706.25769919084,53646.65047649822,8452.722869593425,48144.42949455361,31610.48219015785,24238.71867354113,27354.482514495103,66739.15317183497,0.0,0.0,0.0,0.0,0.0,0.0,0.0,0.0,0.0,0.0,0.0,0.0,0.0,0.0,0.0,0.0,0.0,0.0,0.0,0.0,0.0,0.0,0.0,0.0,0.0,0.0,0.0,0.0,0.0,0.0,0.0,0.0,0.0,0.0,0.0,0.0,0.0,0.0,0.0,0.0,0.0,0.0,0.0,0.0,0.0,0.0,0.0,0.0,0.0,0.0,0.0,0.0,0.0,0.0,0.0,0.0,0.0,0.0,0.0,0.0,0.0,0.0
11,37406.02111040705,22367.9078440298,89601.82914146989,56507.73679227107,92255.40923726356,57014.110682381375,23148.84629289104,27968.13705090117,48456.84134284823,153975.2651035125,134699.82024988925,53494.784763850585,64190.11711066897,42455.541211813055,148417.6150531761,69363.80549836358,51654.78938350223,44521.448632484935,207855.81385512647,46325.6596831794,12875.028876147746,29654.654685909696,78427.07389147239,46528.15490461369,55037.52598501959,8551.099821111964,49511.526380719486,32167.612754586386,23990.858325436093,27730.540374510045,67866.56367721152,0.0,0.0,0.0,0.0,0.0,0.0,0.0,0.0,0.0,0.0,0.0,0.0,0.0,0.0,0.0,0.0,0.0,0.0,0.0,0.0,0.0,0.0,0.0,0.0,0.0,0.0,0.0,0.0,0.0,0.0,0.0,0.0,0.0,0.0,0.0,0.0,0.0,0.0,0.0,0.0,0.0,0.0,0.0,0.0,0.0,0.0,0.0,0.0,0.0,0.0,0.0,0.0,0.0,0.0,0.0,0.0,0.0,0.0,0.0,0.0,0.0,0.0
12,39893.60544475096,23803.324374290907,94855.44126304152,57461.45817822486,93285.35876859422,59145.04623752449,24098.273161678662,29451.140223091523,52002.1011296962,158434.2522608084,132891.816620261,57234.74313712152,68617.63907582985,41782.25851616449,154363.26553662217,75568.33805084169,54986.68924824275,47053.83049269307,221310.7226694537,48632.99185173994,13778.303837650225,32707.81877835709,85592.59518634944,46121.38103532135,52983.48694255262,8615.606714622441,50747.914395996064,33281.861984003786,23860.14306732505,27798.56611938885,68483.91174995527,0.0,0.0,0.0,0.0,0.0,0.0,0.0,0.0,0.0,0.0,0.0,0.0,0.0,0.0,0.0,0.0,0.0,0.0,0.0,0.0,0.0,0.0,0.0,0.0,0.0,0.0,0.0,0.0,0.0,0.0,0.0,0.0,0.0,0.0,0.0,0.0,0.0,0.0,0.0,0.0,0.0,0.0,0.0,0.0,0.0,0.0,0.0,0.0,0.0,0.0,0.0,0.0,0.0,0.0,0.0,0.0,0.0,0.0,0.0,0.0,0.0,0.0
13,43389.53359788895,25267.741286471846,94488.03106263498,60006.23433845562,93239.11115073276,60618.97777990413,23127.169829201484,28549.353096734405,57656.10930978172,157948.16288653328,147410.43387669724,55739.18295965621,69616.96448983689,41080.18416437127,159177.08788084058,82106.6702448891,58142.12832396016,49465.13764493336,220590.8293403684,49461.68903819952,14584.745945833098,35806.22933532924,86564.51768369705,45941.72125419312,50411.19417412409,8535.61871610316,53829.28002054345,32612.861927213147,23900.70875960813,28220.34717379668,67996.7525561436,0.0,0.0,0.0,0.0,0.0,0.0,0.0,0.0,0.0,0.0,0.0,0.0,0.0,0.0,0.0,0.0,0.0,0.0,0.0,0.0,0.0,0.0,0.0,0.0,0.0,0.0,0.0,0.0,0.0,0.0,0.0,0.0,0.0,0.0,0.0,0.0,0.0,0.0,0.0,0.0,0.0,0.0,0.0,0.0,0.0,0.0,0.0,0.0,0.0,0.0,0.0,0.0,0.0,0.0,0.0,0.0,0.0,0.0,0.0,0.0,0.0,0.0
14,43791.87071790494,25540.53971159524,94445.4053391428,57557.63358406656,91827.30763598529,60270.150959983854,23193.35918325849,28224.90512896397,58330.57990554461,151575.6889367263,151114.74496928032,57401.0275942681,69948.6134276987,41854.89341194946,160859.89610201784,83675.10394049574,60352.73674096538,48832.59931416967,214983.2237370069,48955.57182226458,15297.999993558977,37438.38200303669,87868.92850299708,45936.12793987521,51303.9835006856,8435.256230812667,54657.027176662974,32011.02625326453,23966.487396986424,28659.259886018663,67678.30078793905,0.0,0.0,0.0,0.0,0.0,0.0,0.0,0.0,0.0,0.0,0.0,0.0,0.0,0.0,0.0,0.0,0.0,0.0,0.0,0.0,0.0,0.0,0.0,0.0,0.0,0.0,0.0,0.0,0.0,0.0,0.0,0.0,0.0,0.0,0.0,0.0,0.0,0.0,0.0,0.0,0.0,0.0,0.0,0.0,0.0,0.0,0.0,0.0,0.0,0.0,0.0,0.0,0.0,0.0,0.0,0.0,0.0,0.0,0.0,0.0,0.0,0.0
15,39891.13118981772,24048.703678964208,94020.44145349482,55509.4711472784,90559.37827866257,58968.73977204197,22951.792317652875,27883.706136918103,54015.45258050961,152903.27917411673,142938.69355229978,56437.490526560985,68322.35935600396,41032.67919706725,158363.8704646937,78904.94676882689,57508.00201743146,45891.42291926685,217765.224737938,48479.89785934956,14442.176031643405,35879.69202026449,84994.96820949974,45732.74866848378,50196.63754935114,8339.322450437421,53703.35196204724,31765.805629737217,23953.25333567193,28573.056493879307,67524.79285623005,0.0,0.0,0.0,0.0,0.0,0.0,0.0,0.0,0.0,0.0,0.0,0.0,0.0,0.0,0.0,0.0,0.0,0.0,0.0,0.0,0.0,0.0,0.0,0.0,0.0,0.0,0.0,0.0,0.0,0.0,0.0,0.0,0.0,0.0,0.0,0.0,0.0,0.0,0.0,0.0,0.0,0.0,0.0,0.0,0.0,0.0,0.0,0.0,0.0,0.0,0.0,0.0,0.0,0.0,0.0,0.0,0.0,0.0,0.0,0.0,0.0,0.0
16,38422.60968853552,23313.421352313275,96490.28940312228,55845.18886506624,90699.21935045226,58776.25022502124,22632.16766580172,27722.29168642243,52186.01201864003,155576.21190875463,139191.91488846228,57300.69805877804,67269.55015238549,40833.527629492026,157535.44290197146,76319.05916715042,56309.120856351336,44323.993070025484,214733.2224286897,47462.35069938986,13995.116159749708,34783.99987215928,84615.58382218407,46111.3655290562,50957.81345745368,8281.26992740497,53216.516675190855,31980.821964756225,23806.02217559702,28979.596836955086,67703.88561353693,0.0,0.0,0.0,0.0,0.0,0.0,0.0,0.0,0.0,0.0,0.0,0.0,0.0,0.0,0.0,0.0,0.0,0.0,0.0,0.0,0.0,0.0,0.0,0.0,0.0,0.0,0.0,0.0,0.0,0.0,0.0,0.0,0.0,0.0,0.0,0.0,0.0,0.0,0.0,0.0,0.0,0.0,0.0,0.0,0.0,0.0,0.0,0.0,0.0,0.0,0.0,0.0,0.0,0.0,0.0,0.0,0.0,0.0,0.0,0.0,0.0,0.0
17,38645.7590507588,23328.65758415309,98032.72916673716,57844.20924939851,91740.29250735094,59346.00409792487,23099.60251001013,29227.3157359688,52203.40473674663,157222.6229965559,133283.3687723304,59229.76935120016,67379.13357919808,42132.23069269944,157272.3099268886,75413.73623637688,56256.00899796866,44768.57633899461,214971.1167371721,48199.69363097815,13536.88653435163,34535.7766647963,84439.1754115397,47960.39518024985,53332.32920334693,8321.234266008561,54061.62877110676,32723.632711252085,23763.61524596207,29766.509326933403,68297.42005780248,0.0,0.0,0.0,0.0,0.0,0.0,0.0,0.0,0.0,0.0,0.0,0.0,0.0,0.0,0.0,0.0,0.0,0.0,0.0,0.0,0.0,0.0,0.0,0.0,0.0,0.0,0.0,0.0,0.0,0.0,0.0,0.0,0.0,0.0,0.0,0.0,0.0,0.0,0.0,0.0,0.0,0.0,0.0,0.0,0.0,0.0,0.0,0.0,0.0,0.0,0.0,0.0,0.0,0.0,0.0,0.0,0.0,0.0,0.0,0.0,0.0,0.0
18,40453.32199339124,23990.465025488964,99328.67587825102,63104.04600955625,95150.7585557912,60052.90027381398,23829.1349419485,31352.236099525755,53111.61940161209,161500.9317625828,126931.09573534998,60889.17814893155,69626.50284987084,44461.1306383685,158421.17302175044,75818.05569419678,56520.83554555679,48055.5730648582,217985.57660294813,49886.23957998981,13764.902426613146,34946.17394449237,85641.31828785955,49193.95963526822,54314.25789273106,8436.98384924726,53182.84071987806,34070.055477880866,23972.48315724268,30005.568469764687,68773.80868308988,0.0,0.0,0.0,0.0,0.0,0.0,0.0,0.0,0.0,0.0,0.0,0.0,0.0,0.0,0.0,0.0,0.0,0.0,0.0,0.0,0.0,0.0,0.0,0.0,0.0,0.0,0.0,0.0,0.0,0.0,0.0,0.0,0.0,0.0,0.0,0.0,0.0,0.0,0.0,0.0,0.0,0.0,0.0,0.0,0.0,0.0,0.0,0.0,0.0,0.0,0.0,0.0,0.0,0.0,0.0,0.0,0.0,0.0,0.0,0.0,0.0,0.0
19,42133.19868259982,24665.081529509105,101299.60803143188,68563.94034303844,97888.33167684996,60414.51869184502,24178.463320197625,31940.661647782075,54109.46025654566,166221.1853581085,129570.71635631504,62077.58965523836,69099.6932365964,46171.87742384082,158318.8887948738,78189.84916426404,54682.10218763308,50012.29896877447,208107.5224713148,50976.93504552466,14127.551616476374,34927.14958897955,84912.99533006921,49407.94677095565,53265.71893255076,8556.515287917908,53553.30125760107,33369.627740119526,24115.92187978749,30280.916270007056,68580.89938560904,0.0,0.0,0.0,0.0,0.0,0.0,0.0,0.0,0.0,0.0,0.0,0.0,0.0,0.0,0.0,0.0,0.0,0.0,0.0,0.0,0.0,0.0,0.0,0.0,0.0,0.0,0.0,0.0,0.0,0.0,0.0,0.0,0.0,0.0,0.0,0.0,0.0,0.0,0.0,0.0,0.0,0.0,0.0,0.0,0.0,0.0,0.0,0.0,0.0,0.0,0.0,0.0,0.0,0.0,0.0,0.0,0.0,0.0,0.0,0.0,0.0,0.0
20,41738.66456351492,24097.72103763126,99311.30827004917,67758.43080376046,98595.42239915083,59225.11622165411,22916.71343108766,31047.68975680737,53067.71381647227,158189.62980704603,132443.66506264932,62075.934147162814,68024.01452412957,45107.77261881554,156785.0023750659,76357.82958560332,51757.12417229558,49837.78741600379,206001.58260016065,48522.398327619456,13121.661449323045,33508.11071067816,81252.16547768402,49853.85336299772,51996.5265278896,8623.252084209627,53307.96786464016,32863.87326712612,24059.15637488482,29713.922894763768,68759.14614961977,0.0,0.0,0.0,0.0,0.0,0.0,0.0,0.0,0.0,0.0,0.0,0.0,0.0,0.0,0.0,0.0,0.0,0.0,0.0,0.0,0.0,0.0,0.0,0.0,0.0,0.0,0.0,0.0,0.0,0.0,0.0,0.0,0.0,0.0,0.0,0.0,0.0,0.0,0.0,0.0,0.0,0.0,0.0,0.0,0.0,0.0,0.0,0.0,0.0,0.0,0.0,0.0,0.0,0.0,0.0,0.0,0.0,0.0,0.0,0.0,0.0,0.0
21,40868.27180576256,23755.482905241555,96150.21704807538,66612.60855994868,96805.0550737928,57669.991684697525,23360.30600734169,30230.01749985123,51521.23654666141,158621.58087838386,130936.42567459916,63853.14067599347,68675.49831554292,41991.86221325479,157013.15481011037,77807.95441130816,54338.7941277119,48581.732938695546,205724.298062693,50038.590789595386,14049.671905343535,32324.89140240581,80717.85189639048,49672.5207642807,52775.55059306283,8804.468830008353,53680.37088027183,32271.49393394745,24101.03766517944,30002.23890086224,68706.57901239223,0.0,0.0,0.0,0.0,0.0,0.0,0.0,0.0,0.0,0.0,0.0,0.0,0.0,0.0,0.0,0.0,0.0,0.0,0.0,0.0,0.0,0.0,0.0,0.0,0.0,0.0,0.0,0.0,0.0,0.0,0.0,0.0,0.0,0.0,0.0,0.0,0.0,0.0,0.0,0.0,0.0,0.0,0.0,0.0,0.0,0.0,0.0,0.0,0.0,0.0,0.0,0.0,0.0,0.0,0.0,0.0,0.0,0.0,0.0,0.0,0.0,0.0
22,40865.764025167664,23634.325674292333,94637.7880258528,65844.56683033222,96396.83539962248,58906.29343576443,23496.30238804814,28950.096120193783,50720.10331900559,154567.90748763646,128999.55687571736,62106.32389334886,69952.02330142118,40659.96192210915,157235.18016790837,78989.29831232334,58558.089572664125,47172.16920870044,207338.53325234755,51260.64690172204,14408.695663883474,34161.35697776398,81930.24773838613,47549.61120083207,51001.73363945783,8767.783113952853,52818.66392630272,32046.79437635821,23816.72175057847,29442.03127851496,68980.77638371581,0.0,0.0,0.0,0.0,0.0,0.0,0.0,0.0,0.0,0.0,0.0,0.0,0.0,0.0,0.0,0.0,0.0,0.0,0.0,0.0,0.0,0.0,0.0,0.0,0.0,0.0,0.0,0.0,0.0,0.0,0.0,0.0,0.0,0.0,0.0,0.0,0.0,0.0,0.0,0.0,0.0,0.0,0.0,0.0,0.0,0.0,0.0,0.0,0.0,0.0,0.0,0.0,0.0,0.0,0.0,0.0,0.0,0.0,0.0,0.0,0.0,0.0
23,40349.12898971779,23414.327379342885,92958.78353228843,63667.18931388451,94994.39783005897,60972.39467740306,21652.471792777807,27031.71744930764,50654.28823675988,153936.3850530147,125376.1839018329,60849.18559600063,70528.84321679123,38182.17234357476,155415.5493116081,78815.16493502457,56844.60603506182,44544.34279733797,202482.02878174983,51292.77923416949,14766.219039012967,34217.871733737644,77981.058772399,43997.58247173218,47340.51997428466,8733.121205015872,50856.72852981683,32396.39333054241,23511.37445105974,29107.33523973693,69299.47218175839,0.0,0.0,0.0,0.0,0.0,0.0,0.0,0.0,0.0,0.0,0.0,0.0,0.0,0.0,0.0,0.0,0.0,0.0,0.0,0.0,0.0,0.0,0.0,0.0,0.0,0.0,0.0,0.0,0.0,0.0,0.0,0.0,0.0,0.0,0.0,0.0,0.0,0.0,0.0,0.0,0.0,0.0,0.0,0.0,0.0,0.0,0.0,0.0,0.0,0.0,0.0,0.0,0.0,0.0,0.0,0.0,0.0,0.0,0.0,0.0,0.0,0.0
24,40466.71710164144,23518.90715713545,89236.77283395502,60721.01452135584,93409.29050152932,59582.57523509089,20342.86521385009,26288.17633764352,51554.94470781338,161338.11508114368,127817.50024729146,61076.39253937644,68944.86840413383,36484.43795362819,153806.88237534114,78927.20252522062,56722.752157611554,43240.49278395397,203895.09934455747,49482.956795887614,15184.08245195245,33796.43670039294,74801.77253708898,42425.49747528415,46506.679232448034,8401.663855179027,49728.5586286801,31281.60361565973,23079.06856235854,29062.457806141505,69539.3364077606,0.0,0.0,0.0,0.0,0.0,0.0,0.0,0.0,0.0,0.0,0.0,0.0,0.0,0.0,0.0,0.0,0.0,0.0,0.0,0.0,0.0,0.0,0.0,0.0,0.0,0.0,0.0,0.0,0.0,0.0,0.0,0.0,0.0,0.0,0.0,0.0,0.0,0.0,0.0,0.0,0.0,0.0,0.0,0.0,0.0,0.0,0.0,0.0,0.0,0.0,0.0,0.0,0.0,0.0,0.0,0.0,0.0,0.0,0.0,0.0,0.0,0.0
25,48894.14393193372,27919.725513820937,92282.3014889384,59654.35215035906,91577.86040950844,54548.808012859234,18681.66728027364,24783.369382141103,56279.48634951109,161179.02284382677,132780.01608052483,63075.31440846373,72279.3224869575,41290.99014588488,165946.07516628213,92721.7093224986,63562.02082783946,51128.93340804887,213316.64262435585,55659.489859885776,13923.380604104248,34510.7604491715,76722.03287008524,39330.89183145217,50046.098481204666,7905.001952087832,47984.84598845304,32194.82297640492,23537.09665219731,31218.12744875729,66844.26176445598,0.0,0.0,0.0,0.0,0.0,0.0,0.0,0.0,0.0,0.0,0.0,0.0,0.0,0.0,0.0,0.0,0.0,0.0,0.0,0.0,0.0,0.0,0.0,0.0,0.0,0.0,0.0,0.0,0.0,0.0,0.0,0.0,0.0,0.0,0.0,0.0,0.0,0.0,0.0,0.0,0.0,0.0,0.0,0.0,0.0,0.0,0.0,0.0,0.0,0.0,0.0,0.0,0.0,0.0,0.0,0.0,0.0,0.0,0.0,0.0,0.0,0.0
26,46488.0153609003,26565.00160008813,88928.50281252209,58833.45403871327,91363.85396513098,52777.95531035299,18026.446520544603,23961.732151646444,55881.97644330612,158678.92103366647,124338.08955651544,60166.44491971088,68674.64335339484,40061.73154364764,162064.18628072395,90400.39603230813,60896.275179521646,48892.6829580155,204424.5328256201,51575.04109255612,12886.309959095202,32464.622427568152,71811.27570143335,37767.9063030416,48265.75269659005,7761.489640080981,46191.10688121791,31503.12555124332,23238.283345994085,31134.27248443769,65734.61606900604,0.0,0.0,0.0,0.0,0.0,0.0,0.0,0.0,0.0,0.0,0.0,0.0,0.0,0.0,0.0,0.0,0.0,0.0,0.0,0.0,0.0,0.0,0.0,0.0,0.0,0.0,0.0,0.0,0.0,0.0,0.0,0.0,0.0,0.0,0.0,0.0,0.0,0.0,0.0,0.0,0.0,0.0,0.0,0.0,0.0,0.0,0.0,0.0,0.0,0.0,0.0,0.0,0.0,0.0,0.0,0.0,0.0,0.0,0.0,0.0,0.0,0.0
27,43810.019141616525,25536.944867361577,86587.93090161649,57870.72504750386,90821.53694725674,51583.8253850598,17663.296228085685,23159.006224405985,52605.235657228506,154387.2069096808,119147.77137657577,58380.75781950017,65433.03553423148,38404.5196028986,157964.7631548475,86599.46142662952,59842.2177577544,46448.38325033384,194876.2904883142,49067.28413219962,11919.308534905264,30592.394334300043,67585.11844727519,36928.07212771545,47554.18199162142,7722.786943739919,44204.77180115044,31301.96936719309,23515.12246826352,30625.844327112623,64917.172491958685,0.0,0.0,0.0,0.0,0.0,0.0,0.0,0.0,0.0,0.0,0.0,0.0,0.0,0.0,0.0,0.0,0.0,0.0,0.0,0.0,0.0,0.0,0.0,0.0,0.0,0.0,0.0,0.0,0.0,0.0,0.0,0.0,0.0,0.0,0.0,0.0,0.0,0.0,0.0,0.0,0.0,0.0,0.0,0.0,0.0,0.0,0.0,0.0,0.0,0.0,0.0,0.0,0.0,0.0,0.0,0.0,0.0,0.0,0.0,0.0,0.0,0.0
28,42614.697124049504,24695.106874086658,84487.16685841061,56785.44928190282,90746.5385061766,50974.65723094915,17128.443403449295,22671.75881562214,50774.39673178495,150758.39321368968,114754.63220010848,56426.48079609293,61370.17143655704,37515.911251807374,153342.28664616542,83031.19705889911,58945.59724537188,45048.73510778559,187946.49696936732,46804.07654790706,10781.93650939814,29207.22453904395,64587.25890571827,35968.04813227817,46677.10276976059,7676.799710639599,43212.35883029801,31478.665930885138,23606.5439397317,30732.675910728427,64286.30338854506,0.0,0.0,0.0,0.0,0.0,0.0,0.0,0.0,0.0,0.0,0.0,0.0,0.0,0.0,0.0,0.0,0.0,0.0,0.0,0.0,0.0,0.0,0.0,0.0,0.0,0.0,0.0,0.0,0.0,0.0,0.0,0.0,0.0,0.0,0.0,0.0,0.0,0.0,0.0,0.0,0.0,0.0,0.0,0.0,0.0,0.0,0.0,0.0,0.0,0.0,0.0,0.0,0.0,0.0,0.0,0.0,0.0,0.0,0.0,0.0,0.0,0.0
29,42560.8492194022,24766.656386762254,82277.71154653601,56286.46499675406,90045.68437200395,51119.85956974961,17364.392508580095,22480.726300459697,50498.15596372775,149903.36824971758,116036.00622201986,56338.42057151248,60734.40853253793,37625.034927618464,152144.70869571873,82835.8076431389,56656.89510485029,44798.40606498129,177551.7952429611,45434.89354715298,10524.837993879511,28596.172641275865,63698.56450610048,36901.83071715509,46702.89373615145,7653.831128594157,43523.200853546616,31281.65354156684,23362.669437742075,30591.3137553786,64243.61824058829,0.0,0.0,0.0,0.0,0.0,0.0,0.0,0.0,0.0,0.0,0.0,0.0,0.0,0.0,0.0,0.0,0.0,0.0,0.0,0.0,0.0,0.0,0.0,0.0,0.0,0.0,0.0,0.0,0.0,0.0,0.0,0.0,0.0,0.0,0.0,0.0,0.0,0.0,0.0,0.0,0.0,0.0,0.0,0.0,0.0,0.0,0.0,0.0,0.0,0.0,0.0,0.0,0.0,0.0,0.0,0.0,0.0,0.0,0.0,0.0,0.0,0.0
30,42901.20505016777,24809.873726888,83169.47004782976,56134.19779190616,91083.08720714238,51336.97556880667,18344.42275105225,24024.61538619456,50535.63105584418,151162.45815698398,119996.46473802348,58250.26657906533,60204.79767284296,40696.72280221903,154296.1782956059,81882.41863862012,55708.268087367695,44218.37553967169,176642.79904037938,45126.38433279625,10469.53766823047,27644.35002097397,63465.81741162101,37983.38961975985,48618.40664591742,7568.857616380789,44360.32359723016,31863.782417380746,23617.274622886784,31011.82240949041,64356.1244713582,0.0,0.0,0.0,0.0,0.0,0.0,0.0,0.0,0.0,0.0,0.0,0.0,0.0,0.0,0.0,0.0,0.0,0.0,0.0,0.0,0.0,0.0,0.0,0.0,0.0,0.0,0.0,0.0,0.0,0.0,0.0,0.0,0.0,0.0,0.0,0.0,0.0,0.0,0.0,0.0,0.0,0.0,0.0,0.0,0.0,0.0,0.0,0.0,0.0,0.0,0.0,0.0,0.0,0.0,0.0,0.0,0.0,0.0,0.0,0.0,0.0,0.0
31,46101.839661187536,26099.57385581344,90593.1002089889,58300.99580974509,93263.57911187486,52368.77538906976,20042.6207230682,28860.197125071983,52570.72861730612,158949.09165977433,126827.32463721202,64352.0594708133,63027.21219611952,44656.51566971446,158856.04663322982,83805.87904117307,55592.92847720752,46524.68533584968,179670.08608900226,47104.72029094045,10928.648708837416,28001.208635636503,67239.1464434158,41858.17617791271,54025.081161727925,7560.438208642497,46274.7125605592,32946.94121833654,23932.8745541315,31058.52676888533,63721.86409942855,0.0,0.0,0.0,0.0,0.0,0.0,0.0,0.0,0.0,0.0,0.0,0.0,0.0,0.0,0.0,0.0,0.0,0.0,0.0,0.0,0.0,0.0,0.0,0.0,0.0,0.0,0.0,0.0,0.0,0.0,0.0,0.0,0.0,0.0,0.0,0.0,0.0,0.0,0.0,0.0,0.0,0.0,0.0,0.0,0.0,0.0,0.0,0.0,0.0,0.0,0.0,0.0,0.0,0.0,0.0,0.0,0.0,0.0,0.0,0.0,0.0,0.0
32,48140.54233529251,26827.87796782232,94499.05491150609,61158.8506806102,94537.52595795534,51992.96085532836,20523.69431456038,29305.92245232576,53656.29389132121,166700.39640536348,139608.3494816228,63026.8946586493,63241.27974209683,47226.803777420384,157245.41479976816,83672.73505542966,57041.19267775824,49800.69071722953,181639.82563977444,49038.35568362934,10736.507509344863,27440.253072731444,68776.97832656834,43894.63629068324,55815.43085336489,7681.698831698236,47852.19144698873,33288.492664737336,24510.607348237165,31182.693624274623,63768.21022394904,0.0,0.0,0.0,0.0,0.0,0.0,0.0,0.0,0.0,0.0,0.0,0.0,0.0,0.0,0.0,0.0,0.0,0.0,0.0,0.0,0.0,0.0,0.0,0.0,0.0,0.0,0.0,0.0,0.0,0.0,0.0,0.0,0.0,0.0,0.0,0.0,0.0,0.0,0.0,0.0,0.0,0.0,0.0,0.0,0.0,0.0,0.0,0.0,0.0,0.0,0.0,0.0,0.0,0.0,0.0,0.0,0.0,0.0,0.0,0.0,0.0,0.0
33,48180.73482256895,27176.51805508096,94163.07568378597,59539.8456142832,92508.25970997372,51440.12184258989,20532.93176240602,28091.689924289825,53719.399790651616,165540.75259033623,148838.87428312257,60768.09371602367,64261.48495219911,48694.55833870071,158636.0396287268,80648.18412193874,56721.29881354797,53314.20855596018,190541.9550322784,48180.24774648764,10491.585134585894,27609.75682581072,71687.09789875007,46187.052648859695,58662.83769393174,7861.895176808628,49175.52608882083,32361.22922799853,24369.89251777004,30301.90779094156,64846.59726814259,0.0,0.0,0.0,0.0,0.0,0.0,0.0,0.0,0.0,0.0,0.0,0.0,0.0,0.0,0.0,0.0,0.0,0.0,0.0,0.0,0.0,0.0,0.0,0.0,0.0,0.0,0.0,0.0,0.0,0.0,0.0,0.0,0.0,0.0,0.0,0.0,0.0,0.0,0.0,0.0,0.0,0.0,0.0,0.0,0.0,0.0,0.0,0.0,0.0,0.0,0.0,0.0,0.0,0.0,0.0,0.0,0.0,0.0,0.0,0.0,0.0,0.0
34,48813.48791738816,27753.64183528692,98421.7765762034,58576.558840290105,92698.5190035923,52799.56530477948,21284.87008268405,28000.220047587733,55198.69258187413,165063.80382614056,150805.32698445974,59689.93656441566,69471.84114256431,49272.66171531938,159006.94876385896,82759.83610300739,58927.30138562733,55227.46518408523,216957.78651246827,52760.51163944429,11155.73224745328,29303.745321481823,77583.41045773219,46318.91930786712,59680.20217334981,8161.815814559417,50143.945786272365,33407.4804896151,23958.93960834304,29767.092199720653,65537.34642374954,0.0,0.0,0.0,0.0,0.0,0.0,0.0,0.0,0.0,0.0,0.0,0.0,0.0,0.0,0.0,0.0,0.0,0.0,0.0,0.0,0.0,0.0,0.0,0.0,0.0,0.0,0.0,0.0,0.0,0.0,0.0,0.0,0.0,0.0,0.0,0.0,0.0,0.0,0.0,0.0,0.0,0.0,0.0,0.0,0.0,0.0,0.0,0.0,0.0,0.0,0.0,0.0,0.0,0.0,0.0,0.0,0.0,0.0,0.0,0.0,0.0,0.0
35,49084.63832077234,28505.84268211789,99220.65516754692,56401.39292147309,92927.2706027098,54815.04296175098,22030.315238454816,28393.331609320576,58358.11278637425,168763.84579956552,149170.5155054542,57543.39834985989,73701.63469773854,50726.56516972638,163242.5303454073,85335.17725224633,61932.00802536645,56293.97601470437,225950.3151737793,55624.59700843159,11980.805852489417,31297.484316930622,82518.21688087613,46893.07195837875,61146.21270768215,8345.016928818559,51760.09197927451,34040.06981751838,23693.49474543577,29936.71518181215,66520.62239152064,0.0,0.0,0.0,0.0,0.0,0.0,0.0,0.0,0.0,0.0,0.0,0.0,0.0,0.0,0.0,0.0,0.0,0.0,0.0,0.0,0.0,0.0,0.0,0.0,0.0,0.0,0.0,0.0,0.0,0.0,0.0,0.0,0.0,0.0,0.0,0.0,0.0,0.0,0.0,0.0,0.0,0.0,0.0,0.0,0.0,0.0,0.0,0.0,0.0,0.0,0.0,0.0,0.0,0.0,0.0,0.0,0.0,0.0,0.0,0.0,0.0,0.0
36,52079.59365202722,30259.207572145708,105513.85547255616,57251.22760275892,94244.95118051308,56570.74265922289,22922.21843598029,29985.976535291364,61558.67506085626,173893.4302223908,146997.1396290783,61950.04548692287,78417.83166259933,49712.04289264469,169854.56629907415,92740.41808992822,65652.02906560751,59206.90192844712,239975.1654851487,57721.83169508916,12767.95062193707,34230.859362908945,90427.02803272684,46614.546922172325,59118.914585636034,8393.597742459737,52907.75210410415,35207.27762980838,23621.73948270432,30144.487294710503,67165.80974164724,0.0,0.0,0.0,0.0,0.0,0.0,0.0,0.0,0.0,0.0,0.0,0.0,0.0,0.0,0.0,0.0,0.0,0.0,0.0,0.0,0.0,0.0,0.0,0.0,0.0,0.0,0.0,0.0,0.0,0.0,0.0,0.0,0.0,0.0,0.0,0.0,0.0,0.0,0.0,0.0,0.0,0.0,0.0,0.0,0.0,0.0,0.0,0.0,0.0,0.0,0.0,0.0,0.0,0.0,0.0,0.0,0.0,0.0,0.0,0.0,0.0,0.0
37,55561.14771041696,31572.919164669667,104107.7483005411,60058.12599287249,93382.62262304848,57996.21953597569,21957.18365832696,28835.235297532392,67177.849486327,172597.98128577624,162201.9294349721,59036.28964058662,79079.85637547547,48636.338329591454,174282.7201889574,99722.47554155036,68934.86293001175,61434.64505308377,238520.50690693565,58738.25750936972,13695.929863708516,37353.34275194652,90560.82582669382,46431.50191919546,56497.67242394053,8229.817963406189,56023.646814178166,34326.53760516512,23581.200532827712,30599.77291912596,66641.28713130267,0.0,0.0,0.0,0.0,0.0,0.0,0.0,0.0,0.0,0.0,0.0,0.0,0.0,0.0,0.0,0.0,0.0,0.0,0.0,0.0,0.0,0.0,0.0,0.0,0.0,0.0,0.0,0.0,0.0,0.0,0.0,0.0,0.0,0.0,0.0,0.0,0.0,0.0,0.0,0.0,0.0,0.0,0.0,0.0,0.0,0.0,0.0,0.0,0.0,0.0,0.0,0.0,0.0,0.0,0.0,0.0,0.0,0.0,0.0,0.0,0.0,0.0
38,55847.95109195917,31535.6781525926,103882.28755597844,57875.44349931528,92390.6091988074,57754.45902928857,22022.74949017221,28458.44742687041,68207.59884218546,164985.4403701877,166576.75182027178,61203.143739829,79430.59760140667,49434.595400350925,176425.4467114411,101493.33788472971,71336.7946823972,60483.38516859335,233530.6835650027,58269.840442646266,14227.288459754109,38760.06862251121,92015.21667307068,46762.15304287204,57384.406786874606,8050.849113624669,56967.21881795292,33802.573544324434,23634.522117465927,31010.011524193767,66339.19045910148,0.0,0.0,0.0,0.0,0.0,0.0,0.0,0.0,0.0,0.0,0.0,0.0,0.0,0.0,0.0,0.0,0.0,0.0,0.0,0.0,0.0,0.0,0.0,0.0,0.0,0.0,0.0,0.0,0.0,0.0,0.0,0.0,0.0,0.0,0.0,0.0,0.0,0.0,0.0,0.0,0.0,0.0,0.0,0.0,0.0,0.0,0.0,0.0,0.0,0.0,0.0,0.0,0.0,0.0,0.0,0.0,0.0,0.0,0.0,0.0,0.0,0.0
39,51172.16104064824,30256.23420482296,104441.35062834847,55472.8747054871,91020.39089246812,56406.18256839155,21859.253059136696,28099.503443925416,63827.91332806321,167149.41086360364,158145.87725797843,60605.05355221497,78055.11580572183,48784.77294520047,174201.46915968508,96364.59610498464,68759.51403180396,57292.37157004736,235364.71885022035,57678.25883788339,13475.884347243338,37371.93040652527,89839.1176257863,46358.08823957031,56327.58340210618,7956.870847530914,56066.09661557073,33477.6840043324,23736.00649701948,31027.07952454205,66219.06532934829,0.0,0.0,0.0,0.0,0.0,0.0,0.0,0.0,0.0,0.0,0.0,0.0,0.0,0.0,0.0,0.0,0.0,0.0,0.0,0.0,0.0,0.0,0.0,0.0,0.0,0.0,0.0,0.0,0.0,0.0,0.0,0.0,0.0,0.0,0.0,0.0,0.0,0.0,0.0,0.0,0.0,0.0,0.0,0.0,0.0,0.0,0.0,0.0,0.0,0.0,0.0,0.0,0.0,0.0,0.0,0.0,0.0,0.0,0.0,0.0,0.0,0.0
40,49899.95532231616,29392.83690856593,107796.01423922296,55999.15023620692,91350.93510184671,56346.62996865445,21545.25401559613,28122.7730681332,62022.74910712413,170450.62399742403,154559.89287925753,62266.285213963776,76644.9174408304,48722.13055213911,173596.6606545379,93774.18469823927,67440.6047855576,55666.4492137639,233148.234800382,56657.70100666954,13027.676777946836,36214.32513947715,89299.65579280829,46772.63182905064,56994.24118297822,7996.644222406733,55690.431145431954,33863.32196960416,23631.5674368627,31186.078282251707,66506.28722000163,0.0,0.0,0.0,0.0,0.0,0.0,0.0,0.0,0.0,0.0,0.0,0.0,0.0,0.0,0.0,0.0,0.0,0.0,0.0,0.0,0.0,0.0,0.0,0.0,0.0,0.0,0.0,0.0,0.0,0.0,0.0,0.0,0.0,0.0,0.0,0.0,0.0,0.0,0.0,0.0,0.0,0.0,0.0,0.0,0.0,0.0,0.0,0.0,0.0,0.0,0.0,0.0,0.0,0.0,0.0,0.0,0.0,0.0,0.0,0.0,0.0,0.0
41,50927.66532307916,29544.507397250483,109713.02778347208,57697.46507981939,92671.32437957118,56726.39693276241,21893.729575030546,29619.70841989403,62501.78633000339,172321.6655409673,147706.34901965078,64712.48416289683,76933.54253103612,50208.04023697552,173578.43105545657,92586.98007666395,67452.7785162549,56401.089467540325,233681.5944328597,57363.12144242121,12625.76853816226,35955.8902444156,89265.90635448224,48379.34977391784,59492.70257577493,8056.041048976973,56750.1821020069,34656.00120896328,23518.216198383103,32010.896628954088,66917.6098284517,0.0,0.0,0.0,0.0,0.0,0.0,0.0,0.0,0.0,0.0,0.0,0.0,0.0,0.0,0.0,0.0,0.0,0.0,0.0,0.0,0.0,0.0,0.0,0.0,0.0,0.0,0.0,0.0,0.0,0.0,0.0,0.0,0.0,0.0,0.0,0.0,0.0,0.0,0.0,0.0,0.0,0.0,0.0,0.0,0.0,0.0,0.0,0.0,0.0,0.0,0.0,0.0,0.0,0.0,0.0,0.0,0.0,0.0,0.0,0.0,0.0,0.0
42,52465.4107970053,30350.983850892604,111325.86644426892,63276.47237791987,95316.70960261067,57319.5988748898,22643.932143593112,31904.870120242947,63470.73015026251,176988.69533676805,139950.39920190122,66596.46324742086,79381.27830256223,52901.06173795048,174410.6901241776,92273.52536966548,67538.78203071759,60018.401985692224,237220.7528588577,58964.57856202496,12948.125353217163,36394.38641841078,90142.16465255886,49829.86098890177,60500.08558431165,8248.656900719969,55672.56653213802,36188.50543260885,23599.467067489662,32116.843007490574,67327.25256788674,0.0,0.0,0.0,0.0,0.0,0.0,0.0,0.0,0.0,0.0,0.0,0.0,0.0,0.0,0.0,0.0,0.0,0.0,0.0,0.0,0.0,0.0,0.0,0.0,0.0,0.0,0.0,0.0,0.0,0.0,0.0,0.0,0.0,0.0,0.0,0.0,0.0,0.0,0.0,0.0,0.0,0.0,0.0,0.0,0.0,0.0,0.0,0.0,0.0,0.0,0.0,0.0,0.0,0.0,0.0,0.0,0.0,0.0,0.0,0.0,0.0,0.0
43,54455.702507995695,30899.80917176388,113230.1378441725,68456.07949298038,98073.55900380346,57836.09458659583,22950.48507881976,32641.2086931616,63459.707340983485,181057.55939582572,142749.9947216324,67789.5914895545,78604.59414250727,54834.98323957593,173925.5187143817,94747.94699191648,64849.72043692536,62207.36106107544,226210.50127409823,60023.89795741986,13087.906539906122,36376.97459890859,89253.58428512854,49995.88874237677,59388.721883165024,8296.017887378299,55753.58397405349,35178.25363605374,23787.318298590453,32570.94641173305,67236.50240135923,0.0,0.0,0.0,0.0,0.0,0.0,0.0,0.0,0.0,0.0,0.0,0.0,0.0,0.0,0.0,0.0,0.0,0.0,0.0,0.0,0.0,0.0,0.0,0.0,0.0,0.0,0.0,0.0,0.0,0.0,0.0,0.0,0.0,0.0,0.0,0.0,0.0,0.0,0.0,0.0,0.0,0.0,0.0,0.0,0.0,0.0,0.0,0.0,0.0,0.0,0.0,0.0,0.0,0.0,0.0,0.0,0.0,0.0,0.0,0.0,0.0,0.0
44,54297.09219906103,30052.462017876147,110981.57342021064,67766.07036944089,98915.31693714288,56873.52006103454,21843.77976676295,31668.58526229827,62384.02834481357,173218.3388745491,145689.37130334968,67959.83185557963,77584.55537148175,53485.8871170592,171936.6534724427,92879.29181566692,61087.71511945833,62240.560225385634,224630.19254535504,57880.26877168994,12215.47088544461,35082.859218109006,85308.32315679998,50313.26343049299,58084.239355283935,8339.531557975195,55560.67460814487,34885.54951526056,23686.44369460668,31995.791363058404,67460.91088308752,0.0,0.0,0.0,0.0,0.0,0.0,0.0,0.0,0.0,0.0,0.0,0.0,0.0,0.0,0.0,0.0,0.0,0.0,0.0,0.0,0.0,0.0,0.0,0.0,0.0,0.0,0.0,0.0,0.0,0.0,0.0,0.0,0.0,0.0,0.0,0.0,0.0,0.0,0.0,0.0,0.0,0.0,0.0,0.0,0.0,0.0,0.0,0.0,0.0,0.0,0.0,0.0,0.0,0.0,0.0,0.0,0.0,0.0,0.0,0.0,0.0,0.0
45,53569.742981596086,29808.11161712396,106946.39276960664,66725.28924539521,97020.34625193557,55504.96500664376,22171.531885964643,30727.317050527512,60221.8697994221,173538.25428627286,144576.8298820296,70490.31667204632,78341.44779481529,49845.90511183065,172656.64998048916,94927.48358699022,64700.81174037619,60749.21444864302,225148.89422518984,59210.93654759301,13011.680699490094,33965.85469165433,85222.03186557339,50280.91713098835,58758.90381548043,8444.33342526527,56149.216509017344,34147.52498669476,23698.090649262795,32102.04372257088,67421.3765114127,0.0,0.0,0.0,0.0,0.0,0.0,0.0,0.0,0.0,0.0,0.0,0.0,0.0,0.0,0.0,0.0,0.0,0.0,0.0,0.0,0.0,0.0,0.0,0.0,0.0,0.0,0.0,0.0,0.0,0.0,0.0,0.0,0.0,0.0,0.0,0.0,0.0,0.0,0.0,0.0,0.0,0.0,0.0,0.0,0.0,0.0,0.0,0.0,0.0,0.0,0.0,0.0,0.0,0.0,0.0,0.0,0.0,0.0,0.0,0.0,0.0,0.0
46,53533.97158457203,29713.679648182224,105201.51438543505,66051.26444209034,97089.69836157572,56512.54144968518,22191.706353402114,29214.11026471761,59651.33497775464,168983.9210370631,141738.81552043892,68066.81643839944,79712.10830574569,48416.95826100793,172891.78420136214,96468.47617586348,70148.05380555175,58871.81811358604,225263.4991398862,60084.57343003359,13540.536196435944,35654.68888830176,85964.38574653346,48010.62838122812,57005.189247660994,8450.894259456914,55074.32216991637,33823.767548342395,23593.793154435225,31606.03438565368,67535.48018727625,0.0,0.0,0.0,0.0,0.0,0.0,0.0,0.0,0.0,0.0,0.0,0.0,0.0,0.0,0.0,0.0,0.0,0.0,0.0,0.0,0.0,0.0,0.0,0.0,0.0,0.0,0.0,0.0,0.0,0.0,0.0,0.0,0.0,0.0,0.0,0.0,0.0,0.0,0.0,0.0,0.0,0.0,0.0,0.0,0.0,0.0,0.0,0.0,0.0,0.0,0.0,0.0,0.0,0.0,0.0,0.0,0.0,0.0,0.0,0.0,0.0,0.0
47,51740.89868442269,28909.26401882935,102760.41508165844,63645.03232265712,95308.8969546786,58190.07669026245,20711.456209566608,27050.44182121125,59457.06413563526,168091.40617277796,137634.43109834215,66291.84031712094,80340.02954488277,45282.14155445487,170693.16036100558,95987.76813347275,67636.85289601213,55797.5396549346,220889.83688751064,60140.66269824563,13717.569474515109,35870.91581807941,82086.95301680581,44867.81522955509,53439.04291381611,8372.738637911074,52909.71807791304,34161.913801204355,23323.897730269626,31421.067806317988,67971.03222904528,0.0,0.0,0.0,0.0,0.0,0.0,0.0,0.0,0.0,0.0,0.0,0.0,0.0,0.0,0.0,0.0,0.0,0.0,0.0,0.0,0.0,0.0,0.0,0.0,0.0,0.0,0.0,0.0,0.0,0.0,0.0,0.0,0.0,0.0,0.0,0.0,0.0,0.0,0.0,0.0,0.0,0.0,0.0,0.0,0.0,0.0,0.0,0.0,0.0,0.0,0.0,0.0,0.0,0.0,0.0,0.0,0.0,0.0,0.0,0.0,0.0,0.0
48,49974.82808904971,28521.09120451997,97478.0576981784,60549.04497291925,94032.8189252523,57146.143458279774,19510.319280639087,26272.67503066121,60298.70041606714,176085.94401178957,139886.56780214026,66063.5014367738,78692.45554899312,43108.43815135468,167841.5783283638,95593.72004479068,66958.13224450087,53872.02418709039,221638.69577505687,58880.56163310823,14222.98590788674,35148.33291851508,78157.49647219779,43248.1944570932,52425.25125344511,8096.584710311121,51440.53120982043,32732.784732782344,23130.5079818607,31163.9571889588,68320.56395692322,0.0,0.0,0.0,0.0,0.0,0.0,0.0,0.0,0.0,0.0,0.0,0.0,0.0,0.0,0.0,0.0,0.0,0.0,0.0,0.0,0.0,0.0,0.0,0.0,0.0,0.0,0.0,0.0,0.0,0.0,0.0,0.0,0.0,0.0,0.0,0.0,0.0,0.0,0.0,0.0,0.0,0.0,0.0,0.0,0.0,0.0,0.0,0.0,0.0,0.0,0.0,0.0,0.0,0.0,0.0,0.0,0.0,0.0,0.0,0.0,0.0,0.0
49,45807.96422926374,27051.721738995147,99142.98506658403,66790.4536517721,94514.5755976641,60068.352003012056,22271.590994617043,26997.04691035753,54712.98778696397,163169.090347787,132019.1801905342,70104.45310398514,64093.42766058507,42881.514393692974,165796.34439848506,92670.35765264391,64626.90968463109,55697.070660669946,163616.01057574127,55390.5703751854,14476.14799180546,35838.18348363619,77575.68574780272,43375.39797411728,51715.62767699038,8462.498094617971,56892.2282520452,36298.14656529637,25353.92920344413,30778.09809801612,78003.68602908202,0.0,0.0,0.0,0.0,0.0,0.0,0.0,0.0,0.0,0.0,0.0,0.0,0.0,0.0,0.0,0.0,0.0,0.0,0.0,0.0,0.0,0.0,0.0,0.0,0.0,0.0,0.0,0.0,0.0,0.0,0.0,0.0,0.0,0.0,0.0,0.0,0.0,0.0,0.0,0.0,0.0,0.0,0.0,0.0,0.0,0.0,0.0,0.0,0.0,0.0,0.0,0.0,0.0,0.0,0.0,0.0,0.0,0.0,0.0,0.0,0.0,0.0
50,44088.20764446056,25906.59246128927,95604.5368979188,66146.51743919896,94316.10836207666,58126.172216423365,21477.82564133916,25918.993990453768,53197.39125723346,160284.55091729737,123395.76170988876,66604.0085061367,60383.26048965018,41385.14843315982,162182.02619207467,90456.60566707527,61739.17912424636,52755.0773037975,156825.88052749354,49462.90658855316,13439.673081763362,33535.87805453315,71357.17610056188,41006.53114114838,49807.18716155351,8375.856212897781,54828.08652455635,35598.261898631,24811.689763965285,30740.90137875031,77382.90795538343,0.0,0.0,0.0,0.0,0.0,0.0,0.0,0.0,0.0,0.0,0.0,0.0,0.0,0.0,0.0,0.0,0.0,0.0,0.0,0.0,0.0,0.0,0.0,0.0,0.0,0.0,0.0,0.0,0.0,0.0,0.0,0.0,0.0,0.0,0.0,0.0,0.0,0.0,0.0,0.0,0.0,0.0,0.0,0.0,0.0,0.0,0.0,0.0,0.0,0.0,0.0,0.0,0.0,0.0,0.0,0.0,0.0,0.0,0.0,0.0,0.0,0.0
51,42204.70191350453,24901.90064855964,92648.4170129154,64951.49171112316,93686.57922280072,56926.37072992767,21119.39090081397,25061.637900944494,50481.16607037533,155156.26905482716,117717.37495945024,64692.27843481899,57047.31955023264,39503.67800011035,157715.87580961568,86850.3093888778,60315.78279989846,49740.49864148143,149287.4031404145,46131.31677990417,12377.64214265137,31277.8372977154,66222.70173651421,40261.39354693179,48906.57029021416,8333.484932546535,52207.95567030863,35534.02095825204,25393.52313338001,30193.80357419221,76861.80506840117,0.0,0.0,0.0,0.0,0.0,0.0,0.0,0.0,0.0,0.0,0.0,0.0,0.0,0.0,0.0,0.0,0.0,0.0,0.0,0.0,0.0,0.0,0.0,0.0,0.0,0.0,0.0,0.0,0.0,0.0,0.0,0.0,0.0,0.0,0.0,0.0,0.0,0.0,0.0,0.0,0.0,0.0,0.0,0.0,0.0,0.0,0.0,0.0,0.0,0.0,0.0,0.0,0.0,0.0,0.0,0.0,0.0,0.0,0.0,0.0,0.0,0.0
52,40613.38350904317,24211.13357278428,90267.8498012274,63835.2347186477,93261.51252405129,56339.63947746966,20568.70236932557,24609.66134422997,48843.48394104952,150689.04023422074,113175.19422525963,62318.85515640616,52840.35849858669,38581.8942024431,153281.7268781343,83018.78914098306,59281.1202110518,48022.40910694961,143407.15609205118,42951.322185638535,10771.692238860958,29823.51485137888,62758.78352345815,39004.79419474499,48097.339264477785,8155.461895570637,51068.0694681192,35584.34423994587,25369.553034845376,30258.14858967239,76594.4933499006,0.0,0.0,0.0,0.0,0.0,0.0,0.0,0.0,0.0,0.0,0.0,0.0,0.0,0.0,0.0,0.0,0.0,0.0,0.0,0.0,0.0,0.0,0.0,0.0,0.0,0.0,0.0,0.0,0.0,0.0,0.0,0.0,0.0,0.0,0.0,0.0,0.0,0.0,0.0,0.0,0.0,0.0,0.0,0.0,0.0,0.0,0.0,0.0,0.0,0.0,0.0,0.0,0.0,0.0,0.0,0.0,0.0,0.0,0.0,0.0,0.0,0.0
53,41424.535389501325,24198.28043346824,87493.41060269976,63420.40833323574,93203.55094178434,56312.644830352976,20740.51537881424,24324.495440252544,48841.16773400425,149512.5971461433,114503.72342895044,62275.328377967446,52272.519089766174,38714.61913297407,152253.09725972937,82651.22239456222,56483.60368268304,47650.5929817065,136584.65889852948,41104.41102904292,10594.282852955776,28943.659925238448,61084.57663234025,39738.00110920008,48044.06328074732,8153.086433453397,51227.868839063856,35475.043977387875,25126.5790462594,30184.2687858974,76791.91766748867,0.0,0.0,0.0,0.0,0.0,0.0,0.0,0.0,0.0,0.0,0.0,0.0,0.0,0.0,0.0,0.0,0.0,0.0,0.0,0.0,0.0,0.0,0.0,0.0,0.0,0.0,0.0,0.0,0.0,0.0,0.0,0.0,0.0,0.0,0.0,0.0,0.0,0.0,0.0,0.0,0.0,0.0,0.0,0.0,0.0,0.0,0.0,0.0,0.0,0.0,0.0,0.0,0.0,0.0,0.0,0.0,0.0,0.0,0.0,0.0,0.0,0.0
54,41416.32818644351,24181.686181445693,88749.18220834345,63378.94779388192,93402.69848520124,56640.221283904655,21786.633545668643,26087.90887940009,48440.240874271214,151300.89620133626,118453.21958817556,64827.27529552868,51666.89726881738,42507.84492408588,154186.20886991607,81717.2133113946,55401.45226714054,46703.053936775046,135327.72548514628,40399.57511645693,10501.21729348789,27777.97873132242,60752.81156199889,41644.389250447945,50377.47084009197,8320.785614924802,52433.46988835918,36055.5915954293,25427.845356683763,30598.748640223588,76690.22780111416,0.0,0.0,0.0,0.0,0.0,0.0,0.0,0.0,0.0,0.0,0.0,0.0,0.0,0.0,0.0,0.0,0.0,0.0,0.0,0.0,0.0,0.0,0.0,0.0,0.0,0.0,0.0,0.0,0.0,0.0,0.0,0.0,0.0,0.0,0.0,0.0,0.0,0.0,0.0,0.0,0.0,0.0,0.0,0.0,0.0,0.0,0.0,0.0,0.0,0.0,0.0,0.0,0.0,0.0,0.0,0.0,0.0,0.0,0.0,0.0,0.0,0.0
55,43446.41117432406,25415.22273529944,97330.44384432786,65407.26015530729,96557.0597935076,57964.43720967352,23697.388553999823,31817.69783659841,51057.94470565577,161553.3149390114,125829.29633609908,72542.9648999623,54446.139517390206,47102.2285054052,159004.2539490647,83654.90024553878,55011.05525488248,49813.29647337277,138667.2646334239,42997.39590271188,10896.65115341432,27899.203994730145,65405.42893026046,47597.43262164431,56399.58616518578,8130.311013652613,54936.77181154455,37415.14404387877,26112.379765683603,30858.47455904535,76220.73919476922,0.0,0.0,0.0,0.0,0.0,0.0,0.0,0.0,0.0,0.0,0.0,0.0,0.0,0.0,0.0,0.0,0.0,0.0,0.0,0.0,0.0,0.0,0.0,0.0,0.0,0.0,0.0,0.0,0.0,0.0,0.0,0.0,0.0,0.0,0.0,0.0,0.0,0.0,0.0,0.0,0.0,0.0,0.0,0.0,0.0,0.0,0.0,0.0,0.0,0.0,0.0,0.0,0.0,0.0,0.0,0.0,0.0,0.0,0.0,0.0,0.0,0.0
56,44209.70193074348,26001.328179284308,101884.42296189084,69126.5124884949,97948.0858748546,57232.39466838959,24209.725008981248,32414.705837801583,51946.71660635398,172183.3814149871,140530.1624458486,70784.06771737739,54822.10449907645,50314.343202240445,157348.00731204086,83893.0951631784,56809.70380955387,54867.11452406399,139140.4023820326,46106.680210853534,10795.76979357693,27558.351619722755,67383.61729378079,51352.6710574149,58669.24513387596,8193.602941408833,57071.11856627287,37975.1040219888,26927.58208952447,30916.53278114461,75935.15971974371,0.0,0.0,0.0,0.0,0.0,0.0,0.0,0.0,0.0,0.0,0.0,0.0,0.0,0.0,0.0,0.0,0.0,0.0,0.0,0.0,0.0,0.0,0.0,0.0,0.0,0.0,0.0,0.0,0.0,0.0,0.0,0.0,0.0,0.0,0.0,0.0,0.0,0.0,0.0,0.0,0.0,0.0,0.0,0.0,0.0,0.0,0.0,0.0,0.0,0.0,0.0,0.0,0.0,0.0,0.0,0.0,0.0,0.0,0.0,0.0,0.0,0.0
57,43266.32585089691,25909.809926203627,101698.1917084818,67100.64046811534,96063.16015226244,56937.406124971625,24364.535628198944,30975.101634467414,51001.89186911404,173298.1734118573,150690.0185870398,68285.76893532593,56125.29424946282,52407.90790376619,158301.70566427647,80501.55314061287,57014.8853327866,60644.873676488,144172.97792562982,45474.04127048461,10605.513105153785,27809.06919418992,72310.90126811793,55030.64481234571,62150.39608451,8669.102243282192,59534.447236499065,36643.92716899577,26794.96242514824,29861.20199280235,76550.61560795498,0.0,0.0,0.0,0.0,0.0,0.0,0.0,0.0,0.0,0.0,0.0,0.0,0.0,0.0,0.0,0.0,0.0,0.0,0.0,0.0,0.0,0.0,0.0,0.0,0.0,0.0,0.0,0.0,0.0,0.0,0.0,0.0,0.0,0.0,0.0,0.0,0.0,0.0,0.0,0.0,0.0,0.0,0.0,0.0,0.0,0.0,0.0,0.0,0.0,0.0,0.0,0.0,0.0,0.0,0.0,0.0,0.0,0.0,0.0,0.0,0.0,0.0
58,42103.07735945005,26037.81611073176,106895.71040260012,66263.48431750217,96032.97013591696,58397.58846436348,25059.495736051853,31068.46426689695,53187.57703085974,173779.5396511718,153066.47559555827,67392.27057943534,61602.62113342049,53435.16508067598,159024.02745201375,82724.41305414267,60142.67166246368,64448.31863726502,160450.17849277385,53155.29132324715,11586.783955886924,30214.432606060946,81076.68296212109,56721.18386861483,63405.85925211688,8981.823989231389,61139.14439115035,38118.21849325584,26091.743456252032,29267.06821470952,76974.11709178721,0.0,0.0,0.0,0.0,0.0,0.0,0.0,0.0,0.0,0.0,0.0,0.0,0.0,0.0,0.0,0.0,0.0,0.0,0.0,0.0,0.0,0.0,0.0,0.0,0.0,0.0,0.0,0.0,0.0,0.0,0.0,0.0,0.0,0.0,0.0,0.0,0.0,0.0,0.0,0.0,0.0,0.0,0.0,0.0,0.0,0.0,0.0,0.0,0.0,0.0,0.0,0.0,0.0,0.0,0.0,0.0,0.0,0.0,0.0,0.0,0.0,0.0
59,42575.88174888739,26673.60307181062,108054.93324046234,63633.02256303368,96308.07354281945,60471.09827701389,25906.083308393103,31422.90352013328,55484.70834039064,179346.27701486053,151662.93417235994,64706.72983239025,66144.87179676717,55073.61582120445,163037.01365575707,85401.14019563518,63943.93246366561,66085.76115530886,166576.9868381822,57341.564108556086,12619.18993501691,32643.860114121213,87168.12779775739,57459.17380087519,65201.2367263873,9038.226961770935,63191.4058096153,38713.29439674991,25639.83716053304,29483.44103002726,78024.83200124474,0.0,0.0,0.0,0.0,0.0,0.0,0.0,0.0,0.0,0.0,0.0,0.0,0.0,0.0,0.0,0.0,0.0,0.0,0.0,0.0,0.0,0.0,0.0,0.0,0.0,0.0,0.0,0.0,0.0,0.0,0.0,0.0,0.0,0.0,0.0,0.0,0.0,0.0,0.0,0.0,0.0,0.0,0.0,0.0,0.0,0.0,0.0,0.0,0.0,0.0,0.0,0.0,0.0,0.0,0.0,0.0,0.0,0.0,0.0,0.0,0.0,0.0
60,44895.12650669578,28196.804859498152,114825.96592715532,64644.48902162077,97453.35814447838,62397.88567273735,26914.36128854001,33169.99223264797,59460.83388887175,185218.69372180733,148883.938286875,69932.28334557092,71036.37226505461,53657.8385584087,169896.8488936512,92679.6882328862,68321.14132160837,69679.35271312874,177976.6599820315,59805.80343445994,13553.826137684746,35943.80020887367,97008.68982979577,56644.18057213377,62612.08187907337,9261.536614367964,64455.87619942834,40023.299909778296,25360.78050470524,29685.026501341024,78300.6058182506,0.0,0.0,0.0,0.0,0.0,0.0,0.0,0.0,0.0,0.0,0.0,0.0,0.0,0.0,0.0,0.0,0.0,0.0,0.0,0.0,0.0,0.0,0.0,0.0,0.0,0.0,0.0,0.0,0.0,0.0,0.0,0.0,0.0,0.0,0.0,0.0,0.0,0.0,0.0,0.0,0.0,0.0,0.0,0.0,0.0,0.0,0.0,0.0,0.0,0.0,0.0,0.0,0.0,0.0,0.0,0.0,0.0,0.0,0.0,0.0,0.0,0.0
61,48821.09798660889,29677.064003766915,112814.55913810057,67502.68714579933,97027.37361291154,63714.0267307459,25785.81883331464,31775.171002995896,64876.951237021385,179824.61403469322,164680.90877247925,65296.90185546676,71587.71479678329,51832.10998635007,173835.33230893634,99917.10603868571,71572.90705401787,71650.73922881608,181271.8894993112,60427.14471480264,14487.597935692696,39306.51266167402,96099.80967749892,55284.81895983563,59323.87010628215,8985.385699766977,68067.91635915996,38951.56816590686,25476.054578030544,30214.19077509344,77779.74196814373,0.0,0.0,0.0,0.0,0.0,0.0,0.0,0.0,0.0,0.0,0.0,0.0,0.0,0.0,0.0,0.0,0.0,0.0,0.0,0.0,0.0,0.0,0.0,0.0,0.0,0.0,0.0,0.0,0.0,0.0,0.0,0.0,0.0,0.0,0.0,0.0,0.0,0.0,0.0,0.0,0.0,0.0,0.0,0.0,0.0,0.0,0.0,0.0,0.0,0.0,0.0,0.0,0.0,0.0,0.0,0.0,0.0,0.0,0.0,0.0,0.0,0.0
62,48449.25961585539,29855.780471805512,112313.0269559886,64871.87163844175,95131.77555208586,63494.40592334521,25878.47585710488,31196.96964128495,65934.89280038819,168360.59858039967,169853.3520482554,67924.51347586316,71807.92057692897,52755.30026100317,175813.6745186399,101855.71257990412,74813.88939890492,69884.38859259931,178020.58507511189,59464.65939003811,15093.674508688677,40926.197478460585,97612.05077399538,55071.86194014225,60171.976710577765,8719.401207230585,69054.52842490809,38432.98939866519,25685.68396674275,30536.148165494425,77494.77993404864,0.0,0.0,0.0,0.0,0.0,0.0,0.0,0.0,0.0,0.0,0.0,0.0,0.0,0.0,0.0,0.0,0.0,0.0,0.0,0.0,0.0,0.0,0.0,0.0,0.0,0.0,0.0,0.0,0.0,0.0,0.0,0.0,0.0,0.0,0.0,0.0,0.0,0.0,0.0,0.0,0.0,0.0,0.0,0.0,0.0,0.0,0.0,0.0,0.0,0.0,0.0,0.0,0.0,0.0,0.0,0.0,0.0,0.0,0.0,0.0,0.0,0.0
63,44943.04895494149,28443.42763696168,113708.25794280488,62333.60039740962,94095.39794468271,62244.66639202103,25692.86729496364,30944.73881889017,61652.652615424406,174721.4914199068,160725.51185432967,68009.04908484296,70472.66585551122,52371.65200451031,173856.01336923864,96397.23904818596,71886.79074555675,66462.49806626163,176406.47902193703,59407.309636200014,14348.871033401618,39648.8412294726,95483.2010953723,55863.85492961586,59268.2567391352,8687.330814940451,68701.13274110999,38094.81331722006,25615.23757202217,30630.717934166183,77433.33010290285,0.0,0.0,0.0,0.0,0.0,0.0,0.0,0.0,0.0,0.0,0.0,0.0,0.0,0.0,0.0,0.0,0.0,0.0,0.0,0.0,0.0,0.0,0.0,0.0,0.0,0.0,0.0,0.0,0.0,0.0,0.0,0.0,0.0,0.0,0.0,0.0,0.0,0.0,0.0,0.0,0.0,0.0,0.0,0.0,0.0,0.0,0.0,0.0,0.0,0.0,0.0,0.0,0.0,0.0,0.0,0.0,0.0,0.0,0.0,0.0,0.0,0.0
64,43452.35541797722,27620.169998602687,117523.55096731936,63038.51922575528,94277.31605064054,61906.27720472496,25399.772375818746,31028.89316779744,59976.33742331105,180798.7526213712,156727.61432086318,70390.30590651662,69297.85216428859,52485.84553288,173139.4262242429,93827.88998527448,70732.54466585765,64736.550527533946,172240.79532932275,58434.8951686946,13798.044728498391,38330.875646033935,95338.04325935336,56244.39586070104,60204.63931764292,8695.100979137327,68421.11241412422,38464.99779413448,25444.33208391417,30861.317502672675,77567.64820405167,0.0,0.0,0.0,0.0,0.0,0.0,0.0,0.0,0.0,0.0,0.0,0.0,0.0,0.0,0.0,0.0,0.0,0.0,0.0,0.0,0.0,0.0,0.0,0.0,0.0,0.0,0.0,0.0,0.0,0.0,0.0,0.0,0.0,0.0,0.0,0.0,0.0,0.0,0.0,0.0,0.0,0.0,0.0,0.0,0.0,0.0,0.0,0.0,0.0,0.0,0.0,0.0,0.0,0.0,0.0,0.0,0.0,0.0,0.0,0.0,0.0,0.0
65,43943.63799464832,27747.67543675764,119844.87998392626,65247.40973028727,95490.83611573264,62361.55300406871,25836.262224926693,32737.52224585158,59906.47790397129,183498.8562989672,149597.4017552396,73512.36452686391,69422.52009022432,54290.01799325663,173074.68122371717,92666.4279613216,70572.80264256064,65519.92096756931,172695.11823590298,59384.35827583898,13328.954791901248,38069.33120145631,95441.08598253658,59134.38293482085,62973.63093428018,8781.769823083188,69842.59104052617,39481.62575747264,25214.112617073544,31652.335940009896,78004.54559417738,0.0,0.0,0.0,0.0,0.0,0.0,0.0,0.0,0.0,0.0,0.0,0.0,0.0,0.0,0.0,0.0,0.0,0.0,0.0,0.0,0.0,0.0,0.0,0.0,0.0,0.0,0.0,0.0,0.0,0.0,0.0,0.0,0.0,0.0,0.0,0.0,0.0,0.0,0.0,0.0,0.0,0.0,0.0,0.0,0.0,0.0,0.0,0.0,0.0,0.0,0.0,0.0,0.0,0.0,0.0,0.0,0.0,0.0,0.0,0.0,0.0,0.0
66,45299.37777826839,28259.590003584257,121631.64812299317,71542.62289201004,99070.09246186604,63036.90592166703,26557.375442519213,35431.8797615207,60562.76507392239,188949.9188650872,140846.55101677642,75813.19546647015,72041.15334470128,57363.25245585303,174333.560390371,92506.51750437614,70554.94082469505,70523.86609860281,176412.32183948252,61170.43626554759,13572.217911015969,38511.28475044527,96368.23479845542,61130.37685930986,64176.13412997514,8940.632060106986,68143.79928993968,41320.66156679852,25498.27751836869,31797.14761473332,78281.94227844785,0.0,0.0,0.0,0.0,0.0,0.0,0.0,0.0,0.0,0.0,0.0,0.0,0.0,0.0,0.0,0.0,0.0,0.0,0.0,0.0,0.0,0.0,0.0,0.0,0.0,0.0,0.0,0.0,0.0,0.0,0.0,0.0,0.0,0.0,0.0,0.0,0.0,0.0,0.0,0.0,0.0,0.0,0.0,0.0,0.0,0.0,0.0,0.0,0.0,0.0,0.0,0.0,0.0,0.0,0.0,0.0,0.0,0.0,0.0,0.0,0.0,0.0
67,46956.29195611557,29015.462166656354,123500.75784179886,77508.10216600698,101422.57378275292,63507.38869617335,26871.0699452822,36108.03453262114,61813.54336104776,193456.75778286625,143034.34837892503,76900.94901391208,71191.93869011101,59595.08443846921,173560.4650067092,94684.40419766096,66515.15574966237,73234.2480733027,171369.7298264154,62353.714807084965,13769.55904099577,38363.37813111639,94411.4171960756,60766.22545896653,62724.22151253233,9115.297265439258,67910.8013654411,40001.67040124566,25652.571207851208,32317.71509912535,78042.49940833819,0.0,0.0,0.0,0.0,0.0,0.0,0.0,0.0,0.0,0.0,0.0,0.0,0.0,0.0,0.0,0.0,0.0,0.0,0.0,0.0,0.0,0.0,0.0,0.0,0.0,0.0,0.0,0.0,0.0,0.0,0.0,0.0,0.0,0.0,0.0,0.0,0.0,0.0,0.0,0.0,0.0,0.0,0.0,0.0,0.0,0.0,0.0,0.0,0.0,0.0,0.0,0.0,0.0,0.0,0.0,0.0,0.0,0.0,0.0,0.0,0.0,0.0
68,46845.963662989205,28303.412911037205,120949.47378266069,76580.40291041796,102518.04865178824,62542.17014715302,25660.56051836838,35009.01222280049,59700.33651227984,181831.1580741567,147005.88425989568,77256.69643617807,70070.7255475228,58008.30233143446,171555.30875731085,92894.58907628414,62174.96069660735,73260.28435006172,168886.51308251038,59464.61983052619,12696.604127137613,36738.66651665593,89876.90763919867,61328.74152116277,61396.59713235298,9168.31495983488,67788.72076972245,39711.45869610196,25597.90188012025,31741.213876917354,78231.93576884494,0.0,0.0,0.0,0.0,0.0,0.0,0.0,0.0,0.0,0.0,0.0,0.0,0.0,0.0,0.0,0.0,0.0,0.0,0.0,0.0,0.0,0.0,0.0,0.0,0.0,0.0,0.0,0.0,0.0,0.0,0.0,0.0,0.0,0.0,0.0,0.0,0.0,0.0,0.0,0.0,0.0,0.0,0.0,0.0,0.0,0.0,0.0,0.0,0.0,0.0,0.0,0.0,0.0,0.0,0.0,0.0,0.0,0.0,0.0,0.0,0.0,0.0
69,46485.84223153727,27973.077877638927,116503.69973180728,75363.61137928223,100647.8785473005,61170.33249532896,26071.454095057383,33941.641725567875,58251.48366182274,183492.60449987932,145816.07505072022,80791.54700092619,70846.87205145042,53709.67841286655,172275.38480131616,95019.8053982034,66736.70629143734,71427.55442814057,168431.8094255864,61633.71860494575,13811.431723228336,35518.66294238729,89325.56138187044,61226.71015824727,62129.10356304964,9314.790114055557,68573.83963958856,38928.6724389171,25659.73583418425,31849.02299269328,78126.20396105191,0.0,0.0,0.0,0.0,0.0,0.0,0.0,0.0,0.0,0.0,0.0,0.0,0.0,0.0,0.0,0.0,0.0,0.0,0.0,0.0,0.0,0.0,0.0,0.0,0.0,0.0,0.0,0.0,0.0,0.0,0.0,0.0,0.0,0.0,0.0,0.0,0.0,0.0,0.0,0.0,0.0,0.0,0.0,0.0,0.0,0.0,0.0,0.0,0.0,0.0,0.0,0.0,0.0,0.0,0.0,0.0,0.0,0.0,0.0,0.0,0.0,0.0
70,45685.33444479495,28019.969707521384,114430.6884133809,74599.60832923387,100530.4276019626,62403.79023698976,26117.39164649437,32328.438295096577,57348.13034152206,177030.80727203595,143281.22788229532,77658.96314633105,72339.94990019347,51885.37599874241,172449.9504858895,96496.90580313143,73574.10842387087,68879.58336785244,169580.59987160872,62865.413048224,14353.187000900896,37449.83779537908,90751.64164320457,58459.32941093162,60068.19660876132,9380.461367487176,67289.1076359273,38420.78859297333,25241.892069786605,31440.793616337505,78432.25872473174,0.0,0.0,0.0,0.0,0.0,0.0,0.0,0.0,0.0,0.0,0.0,0.0,0.0,0.0,0.0,0.0,0.0,0.0,0.0,0.0,0.0,0.0,0.0,0.0,0.0,0.0,0.0,0.0,0.0,0.0,0.0,0.0,0.0,0.0,0.0,0.0,0.0,0.0,0.0,0.0,0.0,0.0,0.0,0.0,0.0,0.0,0.0,0.0,0.0,0.0,0.0,0.0,0.0,0.0,0.0,0.0,0.0,0.0,0.0,0.0,0.0,0.0
71,45137.384193346326,27349.179983894064,111678.0538321044,71989.1657187521,99280.0657608159,63810.112879062646,24431.47040006221,29760.061164388164,57338.37979051387,175852.42510270604,138343.9358891529,75221.06059597371,72925.10553715899,48049.49321035724,170310.85126201177,96203.2908380072,70528.34879019631,63992.0324163424,166422.03732794162,62987.76442532906,14750.064793017033,37718.70597847783,85524.78810603704,52896.761086391096,56018.1656187045,9117.934493021565,64277.98747144913,38784.08521484419,25002.615472956724,31023.9914150783,78785.27333892001,0.0,0.0,0.0,0.0,0.0,0.0,0.0,0.0,0.0,0.0,0.0,0.0,0.0,0.0,0.0,0.0,0.0,0.0,0.0,0.0,0.0,0.0,0.0,0.0,0.0,0.0,0.0,0.0,0.0,0.0,0.0,0.0,0.0,0.0,0.0,0.0,0.0,0.0,0.0,0.0,0.0,0.0,0.0,0.0,0.0,0.0,0.0,0.0,0.0,0.0,0.0,0.0,0.0,0.0,0.0,0.0,0.0,0.0,0.0,0.0,0.0,0.0
72,45214.178885480345,27178.776595263065,105189.9905154602,68292.697644355,96540.7231071068,62746.83808652153,23112.910136242725,28579.983091183065,57538.26209410035,185054.6402269882,140108.8569487281,74514.6691904734,71009.19789225493,45267.56726998324,167468.1579957394,95654.7684496556,69439.83414371281,60316.93415080733,168396.29794800008,60415.9741066512,15105.102459805452,36728.09724183756,79746.1652732334,50174.66261976428,54746.78326547081,8761.527729234556,61967.15084499204,37016.00969276141,24566.318872270123,30988.73009465356,78800.44598176956,0.0,0.0,0.0,0.0,0.0,0.0,0.0,0.0,0.0,0.0,0.0,0.0,0.0,0.0,0.0,0.0,0.0,0.0,0.0,0.0,0.0,0.0,0.0,0.0,0.0,0.0,0.0,0.0,0.0,0.0,0.0,0.0,0.0,0.0,0.0,0.0,0.0,0.0,0.0,0.0,0.0,0.0,0.0,0.0,0.0,0.0,0.0,0.0,0.0,0.0,0.0,0.0,0.0,0.0,0.0,0.0,0.0,0.0,0.0,0.0,0.0,0.0
