Region1Beijing_utility_scale_solar_pv,Region2Tianjin_utility_scale_solar_pv,Region3Hebei_utility_scale_solar_pv,Region4Shanxi_utility_scale_solar_pv,Region5Innermongolia_utility_scale_solar_pv,Region6Liaoning_utility_scale_solar_pv,Region7Jilin_utility_scale_solar_pv,Region8Heilongjiang_utility_scale_solar_pv,Region9Shanghai_utility_scale_solar_pv,Region10Jiangsu_utility_scale_solar_pv,Region11Zhejiang_utility_scale_solar_pv,Region12Anhui_utility_scale_solar_pv,Region13Fujian_utility_scale_solar_pv,Region14Jiangxi_utility_scale_solar_pv,Region15Shandong_utility_scale_solar_pv,Region16Henan_utility_scale_solar_pv,Region17Hubei_utility_scale_solar_pv,Region18Hunan_utility_scale_solar_pv,Region19Guangdong_utility_scale_solar_pv,Region20Guangxi_utility_scale_solar_pv,Region21Hainan_utility_scale_solar_pv,Region22Chongqing_utility_scale_solar_pv,Region23Sichuan_utility_scale_solar_pv,Region24Guizhou_utility_scale_solar_pv,Region25Yunnan_utility_scale_solar_pv,Region26Tibet_utility_scale_solar_pv,Region27Shaanxi_utility_scale_solar_pv,Region28Gansu_utility_scale_solar_pv,Region29Qinghai_utility_scale_solar_pv,Region30Ningxia_utility_scale_solar_pv,Region31Xinjiang_utility_scale_solar_pv,Region1Beijing_distributed_solar_pv,Region2Tianjin_distributed_solar_pv,Region3Hebei_distributed_solar_pv,Region4Shanxi_distributed_solar_pv,Region5Innermongolia_distributed_solar_pv,Region6Liaoning_distributed_solar_pv,Region7Jilin_distributed_solar_pv,Region8Heilongjiang_distributed_solar_pv,Region9Shanghai_distributed_solar_pv,Region10Jiangsu_distributed_solar_pv,Region11Zhejiang_distributed_solar_pv,Region12Anhui_distributed_solar_pv,Region13Fujian_distributed_solar_pv,Region14Jiangxi_distributed_solar_pv,Region15Shandong_distributed_solar_pv,Region16Henan_distributed_solar_pv,Region17Hubei_distributed_solar_pv,Region18Hunan_distributed_solar_pv,Region19Guangdong_distributed_solar_pv,Region20Guangxi_distributed_solar_pv,Region21Hainan_distributed_solar_pv,Region22Chongqing_distributed_solar_pv,Region23Sichuan_distributed_solar_pv,Region24Guizhou_distributed_solar_pv,Region25Yunnan_distributed_solar_pv,Region26Tibet_distributed_solar_pv,Region27Shaanxi_distributed_solar_pv,Region28Gansu_distributed_solar_pv,Region29Qinghai_distributed_solar_pv,Region30Ningxia_distributed_solar_pv,Region31Xinjiang_distributed_solar_pv,Region1Beijing_onshore_wind,Region2Tianjin_onshore_wind,Region3Hebei_onshore_wind,Region4Shanxi_onshore_wind,Region5Innermongolia_onshore_wind,Region6Liaoning_onshore_wind,Region7Jilin_onshore_wind,Region8Heilongjiang_onshore_wind,Region9Shanghai_onshore_wind,Region10Jiangsu_onshore_wind,Region11Zhejiang_onshore_wind,Region12Anhui_onshore_wind,Region13Fujian_onshore_wind,Region14Jiangxi_onshore_wind,Region15Shandong_onshore_wind,Region16Henan_onshore_wind,Region17Hubei_onshore_wind,Region18Hunan_onshore_wind,Region19Guangdong_onshore_wind,Region20Guangxi_onshore_wind,Region21Hainan_onshore_wind,Region22Chongqing_onshore_wind,Region23Sichuan_onshore_wind,Region24Guizhou_onshore_wind,Region25Yunnan_onshore_wind,Region26Tibet_onshore_wind,Region27Shaanxi_onshore_wind,Region28Gansu_onshore_wind,Region29Qinghai_onshore_wind,Region30Ningxia_onshore_wind,Region31Xinjiang_onshore_wind,Region1Beijing_offshore_wind,Region2Tianjin_offshore_wind,Region3Hebei_offshore_wind,Region4Shanxi_offshore_wind,Region5Innermongolia_offshore_wind,Region6Liaoning_offshore_wind,Region7Jilin_offshore_wind,Region8Heilongjiang_offshore_wind,Region9Shanghai_offshore_wind,Region10Jiangsu_offshore_wind,Region11Zhejiang_offshore_wind,Region12Anhui_offshore_wind,Region13Fujian_offshore_wind,Region14Jiangxi_offshore_wind,Region15Shandong_offshore_wind,Region16Henan_offshore_wind,Region17Hubei_offshore_wind,Region18Hunan_offshore_wind,Region19Guangdong_offshore_wind,Region20Guangxi_offshore_wind,Region21Hainan_offshore_wind,Region22Chongqing_offshore_wind,Region23Sichuan_offshore_wind,Region24Guizhou_offshore_wind,Region25Yunnan_offshore_wind,Region26Tibet_offshore_wind,Region27Shaanxi_offshore_wind,Region28Gansu_offshore_wind,Region29Qinghai_offshore_wind,Region30Ningxia_offshore_wind,Region31Xinjiang_offshore_wind,Region1Beijing_Hydropower,Region2Tianjin_Hydropower,Region3Hebei_Hydropower,Region4Shanxi_Hydropower,Region5Innermongolia_Hydropower,Region6Liaoning_Hydropower,Region7Jilin_Hydropower,Region8Heilongjiang_Hydropower,Region9Shanghai_Hydropower,Region10Jiangsu_Hydropower,Region11Zhejiang_Hydropower,Region12Anhui_Hydropower,Region13Fujian_Hydropower,Region14Jiangxi_Hydropower,Region15Shandong_Hydropower,Region16Henan_Hydropower,Region17Hubei_Hydropower,Region18Hunan_Hydropower,Region19Guangdong_Hydropower,Region20Guangxi_Hydropower,Region21Hainan_Hydropower,Region22Chongqing_Hydropower,Region23Sichuan_Hydropower,Region24Guizhou_Hydropower,Region25Yunnan_Hydropower,Region26Tibet_Hydropower,Region27Shaanxi_Hydropower,Region28Gansu_Hydropower,Region29Qinghai_Hydropower,Region30Ningxia_Hydropower,Region31Xinjiang_Hydropower
0,0,0,0,0,0,0,0,0,0,0,0,0,0,0,0,0,0,0,0,0,0,0,0,0,0,0,0,0,0,0,0,0,0,0,0,0,0,0,0,0,0,0,0,0,0,0,0,0,0,0,0,0,0,0,0,0,0,0,0,0,0,0.169744634,0.11396432,0.35015455,0.427505929,0.34331207,0.248180699,0.570925272,0.280892736,0.3381961,0.430769742,0.023932357,0.156802797,0.239137097,0.306105145,0.383186478,0.215849267,0.077746749,0.362010626,0.211313449,0.245893653,0.246566908,0.720799839,0.166082094,0.530580776,0.502741605,0.507485221,0.570335623,0.381372539,0.182705011,0.565146254,0.153640998,0,0.794400232,0.85,0,0,0.85,0,0,0.162943614,0.386069724,0.056685309,0,0.135842695,0,0.426326453,0,0,0,0.101937605,0.101937605,0.162943614,0,0,0,0,0,0,0,0,0,0,0.5,0.5,0.5,0.5,0.5,0.5,0.5,0.5,0.5,0.5,0.5,0.5,0.5,0.5,0.5,0.5,0.5,0.5,0.5,0.5,0.5,0.5,0.5,0.5,0.5,0.5,0.5,0.5,0.5,0.5,0.5
0,0,0,0,0,0,0,0,0,0,0,0,0,0,0,0,0,0,0,0,0,0,0,0,0,0,0,0,0,0,0,0,0,0,0,0,0,0,0,0,0,0,0,0,0,0,0,0,0,0,0,0,0,0,0,0,0,0,0,0,0,0,0.209993506,0.240676725,0.345149504,0.404733433,0.394627537,0.24464727,0.575463424,0.29492943,0.326915298,0.397107512,0.025929215,0.135507145,0.222397339,0.297821796,0.361866131,0.290614795,0.034020465,0.353680241,0.1803202,0.196347001,0.218500027,0.744077552,0.171353626,0.545388522,0.467056171,0.463261336,0.535626501,0.45879521,0.201320509,0.571873493,0.168826617,0,0.807067843,0.85,0,0,0.85,0,0,0.169710801,0.47213041,0,0,0.156248867,0,0.369781257,0,0,0,0.085057309,0.085057309,0.169710801,0,0,0,0,0,0,0,0,0,0,0.5,0.5,0.5,0.5,0.5,0.5,0.5,0.5,0.5,0.5,0.5,0.5,0.5,0.5,0.5,0.5,0.5,0.5,0.5,0.5,0.5,0.5,0.5,0.5,0.5,0.5,0.5,0.5,0.5,0.5,0.5
0,0,0,0,0,0,0,0,0,0,0,0,0,0,0,0,0,0,0,0,0,0,0,0,0,0,0,0,0,0,0,0,0,0,0,0,0,0,0,0,0,0,0,0,0,0,0,0,0,0,0,0,0,0,0,0,0,0,0,0,0,0,0.218972488,0.380265594,0.332673683,0.391278531,0.412017146,0.255395515,0.563678496,0.305428936,0.349370777,0.359589817,0.030604454,0.133729528,0.193830651,0.273300347,0.346921936,0.324548084,0.031140518,0.305117296,0.153347868,0.150605226,0.187098756,0.749063471,0.138129658,0.510680535,0.433047206,0.442419979,0.486682456,0.481664249,0.154445172,0.533729088,0.196104128,0,0.789726571,0.85,0,0,0.849208101,0,0,0.176280615,0.354410771,0,0,0.162685542,0,0.437069186,0,0,0,0.085057309,0.085057309,0.176280615,0,0,0,0,0,0,0,0,0,0,0.5,0.5,0.5,0.5,0.5,0.5,0.5,0.5,0.5,0.5,0.5,0.5,0.5,0.5,0.5,0.5,0.5,0.5,0.5,0.5,0.5,0.5,0.5,0.5,0.5,0.5,0.5,0.5,0.5,0.5,0.5
0,0,0,0,0,0,0,0,0,0,0,0,0,0,0,0,0,0,0,0,0,0,0,0,0,0,0,0,0,0,0,0,0,0,0,0,0,0,0,0,0,0,0,0,0,0,0,0,0,0,0,0,0,0,0,0,0,0,0,0,0,0,0.201379879,0.420482574,0.336901309,0.379814927,0.478025534,0.338774076,0.511711934,0.313570438,0.360444611,0.343730797,0.030604454,0.151874588,0.184312637,0.251267466,0.345361908,0.364768969,0.03117319,0.246522871,0.15234667,0.140969899,0.149899398,0.732866308,0.106163086,0.476089769,0.400082668,0.419826672,0.468076749,0.452740274,0.113394415,0.51916921,0.201544449,0,0.666011342,0.847593386,0,0,0.849208101,0,0,0.183498802,0.209135871,0,0,0.149696983,0,0.485010961,0,0,0,0.101937605,0.101937605,0.183498802,0,0,0,0,0,0,0,0,0,0,0.5,0.5,0.5,0.5,0.5,0.5,0.5,0.5,0.5,0.5,0.5,0.5,0.5,0.5,0.5,0.5,0.5,0.5,0.5,0.5,0.5,0.5,0.5,0.5,0.5,0.5,0.5,0.5,0.5,0.5,0.5
0,0,0,0,0,0,0,0,0,0,0,0,0,0,0,0,0,0,0,0,0,0,0,0,0,0,0,0,0,0,0,0,0,0,0,0,0,0,0,0,0,0,0,0,0,0,0,0,0,0,0,0,0,0,0,0,0,0,0,0,0,0,0.192697181,0.433924423,0.327913401,0.3578857,0.557610229,0.384434482,0.416580326,0.326460637,0.384251887,0.365777717,0.028283243,0.162450833,0.189669721,0.259135677,0.343433887,0.401878361,0,0.221878237,0.13549885,0.14141645,0.125638196,0.70522824,0.101560362,0.442556962,0.339016524,0.377001387,0.444840973,0.443896092,0.088832633,0.469643205,0.206051503,0,0.588869115,0.841853924,0,0,0.85,0,0,0.191449106,0.068095624,0,0,0.156248867,0,0.582718081,0,0,0,0.146417536,0.146417536,0.191449106,0,0,0,0,0,0,0,0,0,0,0.5,0.5,0.5,0.5,0.5,0.5,0.5,0.5,0.5,0.5,0.5,0.5,0.5,0.5,0.5,0.5,0.5,0.5,0.5,0.5,0.5,0.5,0.5,0.5,0.5,0.5,0.5,0.5,0.5,0.5,0.5
0,0,0,0,0,0,0,0,0,0,0,0,0,0,0,0,0,0,0,0,0,0,0,0,0,0,0,0,0,0,0,0,0,0,0,0,0,0,0,0,0,0,0,0,0,0,0,0,0,0,0,0,0,0,0,0,0,0,0,0,0,0,0.1932081,0.509799503,0.308789977,0.324848983,0.584487295,0.37513372,0.387042849,0.343810744,0.408116107,0.433803951,0.038355001,0.154515724,0.192766276,0.259115539,0.342077003,0.468235454,0.001049353,0.216143502,0.107047021,0.192902323,0.120780489,0.672532823,0.115051884,0.421307702,0.292778259,0.319431837,0.403245384,0.483488237,0.096719602,0.418423791,0.274545435,0,0.626142976,0.827967941,0,0,0.849947979,0,0,0.199043932,0.000378918,0.005578949,0,0.142251395,0,0.492447682,0,0,0,0.197998744,0.197998744,0.199043932,0,0,0,0,0,0,0,0,0,0,0.5,0.5,0.5,0.5,0.5,0.5,0.5,0.5,0.5,0.5,0.5,0.5,0.5,0.5,0.5,0.5,0.5,0.5,0.5,0.5,0.5,0.5,0.5,0.5,0.5,0.5,0.5,0.5,0.5,0.5,0.5
0,0,0,0,0.007288051,0.023543434,0.044168797,0.052013321,0.009267031,0.000927536,0.000398022,0,0,0,0.006455888,0,0,0,0,0,0,0,0,0,0,0,0,0,0,0,0,0,0,0,0,0,0.029848422,0,0,0.006950274,0.002086956,0,0,0,0,0,0,0,0,0,0,0,0,0,0,0,0,0,0,0,0,0,0.205872371,0.59273436,0.294460436,0.352871495,0.554610522,0.344000096,0.370708183,0.35885188,0.373470165,0.477693848,0.060543799,0.125578667,0.175095905,0.208158938,0.335675933,0.497139291,0.017196136,0.178093259,0.091766997,0.187308362,0.12067531,0.608560769,0.127012925,0.404976071,0.265955834,0.295099074,0.378701738,0.457909213,0.165748862,0.371117511,0.408246423,0,0.578042332,0.823521207,0,0,0.848647117,0,0,0.192994031,0.004436942,0.055327855,0,0.124400498,0,0.370925735,0,0,0,0.232397286,0.232397286,0.192994031,0,0,0,0,0,0,0,0,0,0,0.5,0.5,0.5,0.5,0.5,0.5,0.5,0.5,0.5,0.5,0.5,0.5,0.5,0.5,0.5,0.5,0.5,0.5,0.5,0.5,0.5,0.5,0.5,0.5,0.5,0.5,0.5,0.5,0.5,0.5,0.5
0.099246697,0.10068564,0.086641317,0.080238997,0.072059681,0.15699038,0.162326692,0.155672559,0.125509895,0.1029218,0.085746342,0.082406036,0.076133469,0.059983328,0.109918993,0.060772293,0.054630327,0.031300413,0.051377324,0.01679732,0.029983887,0.030398351,0,0.003023502,0,0,0.046282226,0.004281554,0,0.027507276,0,0.074435022,0.070479948,0.061318125,0,0,0.145249979,0,0,0.094132422,0.084777176,0.085882239,0.064880265,0.051335983,0.047760662,0.063160843,0.04763721,0.042362643,0.022097613,0.024914786,0.002398907,0.031450206,0.025837662,0,0.002235625,0,0,0,0,0,0,0,0.218650992,0.644507681,0.275976793,0.317193093,0.516904211,0.313023602,0.337572094,0.363893948,0.368339253,0.425153582,0.087640515,0.103863559,0.189943188,0.167468675,0.339238218,0.449014492,0.025488684,0.152821757,0.078274442,0.189710757,0.136565299,0.508770693,0.118471669,0.392817767,0.257622418,0.280089894,0.338252901,0.420154978,0.196455906,0.31736871,0.48918507,0,0.50935282,0.832920133,0,0,0.845274774,0,0,0.22765986,0.011403621,0.133420514,0,0.150855034,0,0.365332837,0,0,0,0.210378574,0.210378574,0.22765986,0,0,0,0,0,0,0,0,0,0,0.5,0.5,0.5,0.5,0.5,0.5,0.5,0.5,0.5,0.5,0.5,0.5,0.5,0.5,0.5,0.5,0.5,0.5,0.5,0.5,0.5,0.5,0.5,0.5,0.5,0.5,0.5,0.5,0.5,0.5,0.5
0.234159808,0.258378606,0.238984132,0.232955184,0.237004009,0.339876674,0.358221393,0.380900118,0.267326649,0.274402594,0.216022052,0.252743656,0.174712481,0.104330331,0.246107443,0.211728666,0.159469347,0.13674606,0.0822463,0.108925129,0.140696835,0.10926696,0.10490371,0.061457091,0.105724125,0.039395933,0.169903044,0.122212543,0.089708567,0.188454453,0,0.175619856,0.180865024,0.169424045,0,0,0.29278245,0,0,0.200494987,0.226033342,0.241155709,0.198207707,0.037779603,0.097348982,0.156490972,0.189693827,0.127028758,0.104504661,0.059658756,0.061967845,0.11163574,0.09287317,0,0.033426802,0.056592711,0.016351001,0,0,0,0,0,0.225168921,0.674403562,0.266015527,0.29335492,0.499052324,0.304132461,0.327207228,0.367222554,0.375002839,0.39228953,0.102813598,0.094642265,0.199393341,0.147405846,0.342418888,0.417902325,0.029924492,0.138132591,0.071254405,0.193463814,0.146832764,0.449353314,0.110328665,0.388051206,0.252010851,0.272481607,0.314995117,0.403677513,0.207448687,0.283265259,0.526801109,0,0.478632635,0.837976099,0,0,0.843248624,0,0,0.253257988,0.014925848,0.171484978,0,0.163100448,0,0.372922631,0,0,0,0.193047452,0.193047452,0.253257988,0,0,0,0,0,0,0,0,0,0,0.5,0.5,0.5,0.5,0.5,0.5,0.5,0.5,0.5,0.5,0.5,0.5,0.5,0.5,0.5,0.5,0.5,0.5,0.5,0.5,0.5,0.5,0.5,0.5,0.5,0.5,0.5,0.5,0.5,0.5,0.5
0.384890049,0.410005636,0.397962389,0.349606915,0.393613162,0.50196481,0.527054147,0.540032625,0.385860253,0.36639889,0.318141424,0.382260638,0.284608067,0.186235158,0.369330536,0.339143054,0.254051317,0.218684267,0.146953939,0.206563964,0.270069761,0.213200129,0.294102303,0.156938507,0.255879666,0.177756629,0.263785598,0.212726094,0.269844667,0.327555601,0.016537105,0.288667537,0.287003945,0.293599373,0,0,0.420053032,0,0,0.28939519,0.318578793,0.341740662,0.287034954,0.122128107,0.171934994,0.24758787,0.307851944,0.212223057,0.245061582,0.127346879,0.13950955,0.210877406,0.181216332,0,0.093266992,0.14404327,0.07123947,0,0,0,0,0,0.229180658,0.736803517,0.243952276,0.245664663,0.459018859,0.283993162,0.316060517,0.373732013,0.39286692,0.336464554,0.137954592,0.078762167,0.228985141,0.110493558,0.349276687,0.360997169,0.042481615,0.111207146,0.055940404,0.204835622,0.173123754,0.34705917,0.087275493,0.376170511,0.23808757,0.262147075,0.273528812,0.360009707,0.222733874,0.21222374,0.595633511,0,0.418895826,0.846315538,0,0,0.837540495,0,0,0.308373246,0.005807377,0.252885461,0,0.188496057,0,0.40093376,0,0,0,0.151889152,0.151889152,0.308373246,0,0,0,0,0,0,0,0,0,0,0.5,0.5,0.5,0.5,0.5,0.5,0.5,0.5,0.5,0.5,0.5,0.5,0.5,0.5,0.5,0.5,0.5,0.5,0.5,0.5,0.5,0.5,0.5,0.5,0.5,0.5,0.5,0.5,0.5,0.5,0.5
0.505528357,0.532770259,0.529905782,0.47610952,0.519982193,0.626045828,0.657160922,0.675547763,0.49022349,0.475600493,0.37352237,0.492312896,0.387671282,0.301095792,0.465053502,0.441558423,0.312333525,0.357962303,0.294243964,0.329554039,0.396365111,0.309123566,0.480132812,0.309398145,0.426408498,0.322152268,0.426754609,0.320558744,0.456005059,0.441187783,0.064518768,0.379146268,0.372939182,0.408438945,0,0,0.514520242,0,0,0.367667618,0.379862793,0.349507869,0.374594258,0.171566726,0.263061411,0.302114387,0.402497486,0.261116803,0.412526291,0.262768572,0.259168378,0.313831888,0.262754041,0,0.191797592,0.262919714,0.107865793,0,0,0,0,0,0.322272149,0.777818751,0.293764477,0.334754038,0.464292522,0.269241814,0.345243704,0.399140826,0.409839517,0.343411132,0.198503195,0.096043323,0.290655422,0.115402758,0.361623157,0.369714023,0.142969991,0.114227038,0.049157856,0.201450741,0.246633915,0.320730782,0.114663208,0.337385481,0.202213776,0.273477638,0.316000102,0.381062738,0.206755392,0.205122287,0.646770752,0,0.373236216,0.846438831,0,0,0.794537364,0,0,0.365568636,0.000495954,0.406368101,0,0.170265753,0,0.503916715,0,0,0,0.107795005,0.107795005,0.365568636,0,0,0,0,0,0,0,0,0,0,0.5,0.5,0.5,0.5,0.5,0.5,0.5,0.5,0.5,0.5,0.5,0.5,0.5,0.5,0.5,0.5,0.5,0.5,0.5,0.5,0.5,0.5,0.5,0.5,0.5,0.5,0.5,0.5,0.5,0.5,0.5
0.618333932,0.616568493,0.615149177,0.589635641,0.648665237,0.704505518,0.739875382,0.745228625,0.55389355,0.530716209,0.425573312,0.486923601,0.423638531,0.269048671,0.521434405,0.556324651,0.469883669,0.46767624,0.41872054,0.466389648,0.510710718,0.430849508,0.586692861,0.493492009,0.578034487,0.454917236,0.517751759,0.428776061,0.608689389,0.552536179,0.171543166,0.463750449,0.431597945,0.472152198,0,0,0.571223816,0,0,0.415420163,0.420354185,0.401414966,0.293780649,0.221117417,0.353403654,0.338461394,0.462187827,0.309721768,0.45437615,0.442695833,0.379816451,0.3877752,0.366226551,0,0.33664897,0.408253735,0.141960491,0,0,0,0,0,0.467611153,0.643988167,0.401239612,0.38020059,0.476807595,0.258756397,0.323961419,0.441209051,0.349803803,0.34723205,0.254877269,0.151464457,0.352994528,0.136257763,0.391125465,0.372563514,0.277747015,0.133802995,0.067365163,0.196144065,0.331167162,0.302450989,0.152601839,0.327263736,0.202062897,0.270779314,0.354520055,0.414110384,0.238192608,0.252399931,0.703532823,0,0.326766261,0.776556735,0,0,0.765971447,0,0,0.37829559,0,0.584289154,0,0.102809481,0,0.591974149,0,0,0,0.094670819,0.094670819,0.37829559,0,0,0,0,0,0,0,0,0,0,0.5,0.5,0.5,0.5,0.5,0.5,0.5,0.5,0.5,0.5,0.5,0.5,0.5,0.5,0.5,0.5,0.5,0.5,0.5,0.5,0.5,0.5,0.5,0.5,0.5,0.5,0.5,0.5,0.5,0.5,0.5
0.672910907,0.656569347,0.637546713,0.604881812,0.68209632,0.731548258,0.764051347,0.755700586,0.475825613,0.545205616,0.406192142,0.434188186,0.430682096,0.327217213,0.551381451,0.578376949,0.482826386,0.531915698,0.464193879,0.548070246,0.592832088,0.513074628,0.66013189,0.59811347,0.686050089,0.541331846,0.59413895,0.562737591,0.71813452,0.563624886,0.320213839,0.50468318,0.459598543,0.392358498,0,0,0.587105875,0,0,0.35686921,0.428455681,0.377751239,0.345621238,0.285785549,0.422587529,0.371608474,0.478469801,0.427739464,0.484162655,0.398281278,0.44251725,0.416552499,0.436130858,0,0.47046441,0.516244143,0.179631896,0,0,0,0,0,0.466593256,0.415108705,0.460926331,0.396222894,0.456374696,0.249776482,0.324018603,0.501682742,0.304338382,0.340083566,0.303943815,0.187266779,0.386535083,0.125336445,0.427394682,0.374912043,0.3590815,0.153954931,0.0828957,0.190189154,0.372256818,0.305509633,0.229367796,0.261098032,0.211291681,0.220635614,0.395561723,0.37037672,0.200250464,0.294223899,0.740251913,0,0.220713582,0.5082776,0,0,0.693643785,0,0,0.368008446,0,0.745818655,0,0,0,0.687434262,0,0,0,0.100108444,0.100108444,0.368008446,0,0,0,0,0,0,0,0,0,0,0.5,0.5,0.5,0.5,0.5,0.5,0.5,0.5,0.5,0.5,0.5,0.5,0.5,0.5,0.5,0.5,0.5,0.5,0.5,0.5,0.5,0.5,0.5,0.5,0.5,0.5,0.5,0.5,0.5,0.5,0.5
0.667221003,0.648818159,0.648497892,0.573516296,0.65294789,0.704807276,0.732089133,0.718974172,0.293876393,0.556720363,0.413074567,0.461819568,0.499774569,0.394034248,0.576171439,0.628345747,0.472835234,0.573705608,0.483935372,0.622095691,0.625825399,0.499069125,0.683364136,0.612120354,0.735025242,0.576709261,0.57206118,0.678006261,0.776918641,0.543470986,0.462039152,0.500415752,0.454172711,0.390931399,0,0,0.559534701,0,0,0.220407295,0.31605541,0.443693189,0.396674697,0.366792408,0.457928784,0.435386702,0.499144867,0.440795486,0.530099536,0.409754226,0.468339902,0.446409765,0.42422597,0,0.438934013,0.569489465,0.213483953,0,0,0,0,0,0.402831502,0.210722454,0.541730546,0.408638084,0.433557309,0.231679728,0.335260935,0.533634735,0.283892525,0.305558643,0.346216949,0.21108781,0.40776694,0.110180445,0.453142413,0.388165915,0.359904602,0.182849511,0.120343577,0.194276817,0.390597492,0.278611954,0.326105296,0.241311129,0.253854675,0.181365539,0.354567883,0.356027035,0.191512542,0.29552118,0.722501897,0,0.136956474,0.194281373,0,0,0.558309431,0,0,0.347121594,0.072183944,0.800486757,0,0.115024185,0,0.748740091,0,0,0,0.124746448,0.124746448,0.347121594,0,0,0,0,0,0,0,0,0,0,0.5,0.5,0.5,0.5,0.5,0.5,0.5,0.5,0.5,0.5,0.5,0.5,0.5,0.5,0.5,0.5,0.5,0.5,0.5,0.5,0.5,0.5,0.5,0.5,0.5,0.5,0.5,0.5,0.5,0.5,0.5
0.612184533,0.575077564,0.59409976,0.528171549,0.586279586,0.628142406,0.633532555,0.626203951,0.167468985,0.510477592,0.414551905,0.361855782,0.4085313,0.338776186,0.552955035,0.562633731,0.4365783,0.48322131,0.419805313,0.566937466,0.574442351,0.468846742,0.682502271,0.596086982,0.71957671,0.587243014,0.573197586,0.65830895,0.77765413,0.467611046,0.565256219,0.4591384,0.402554295,0.358770259,0,0,0.491936381,0,0,0.125601738,0.290111923,0.471713475,0.362955478,0.229352236,0.327749256,0.417092253,0.4872522,0.357356793,0.414355934,0.404688751,0.433171398,0.398105847,0.39853513,0,0.459190887,0.557415862,0.264869032,0,0,0,0,0,0.354435865,0.101796484,0.578864684,0.407403715,0.413209291,0.21231941,0.330262003,0.544708918,0.216948212,0.251907748,0.385529845,0.221910211,0.427322651,0.104269091,0.472903974,0.411098269,0.303879712,0.19601493,0.11281347,0.166435029,0.360321614,0.260383801,0.338684686,0.188586091,0.33899365,0.194012582,0.352744135,0.357666647,0.220979174,0.265559909,0.691362655,0,0.116484021,0.15040953,0,0,0.458086658,0,0,0.325563937,0.167380205,0.821808673,0,0.15608522,0,0.783416942,0,0,0,0.136755518,0.136755518,0.325563937,0,0,0,0,0,0,0,0,0,0,0.5,0.5,0.5,0.5,0.5,0.5,0.5,0.5,0.5,0.5,0.5,0.5,0.5,0.5,0.5,0.5,0.5,0.5,0.5,0.5,0.5,0.5,0.5,0.5,0.5,0.5,0.5,0.5,0.5,0.5,0.5
0.51200858,0.383920723,0.51696677,0.498311748,0.510414228,0.508181916,0.4793607,0.488808381,0.107693719,0.451235432,0.311882006,0.248181474,0.187094144,0.366178163,0.499111134,0.392834956,0.447353909,0.450082078,0.308687908,0.457204288,0.466594248,0.426517448,0.610743224,0.529584145,0.640192464,0.607254458,0.521008129,0.577332717,0.707708024,0.410850338,0.631043487,0.384006435,0.268744506,0.359360983,0,0,0.39078241,0,0,0.080770289,0.282522296,0.354490137,0.187972042,0.091115715,0.372888032,0.420602121,0.28304153,0.355046059,0.316088385,0.341662711,0.403237069,0.299802085,0.362552717,0,0.40666964,0.500932895,0.354267361,0,0,0,0,0,0.310764482,0.064889295,0.562787919,0.447553447,0.399411289,0.199412854,0.317411156,0.540184698,0.191027022,0.209242337,0.428072488,0.231780803,0.437062591,0.092335855,0.471328851,0.412767453,0.265337152,0.224487151,0.102492137,0.14861137,0.359514376,0.271839104,0.362955728,0.194736537,0.395998454,0.259574747,0.376622336,0.368142109,0.251661713,0.213558748,0.689261411,0,0.149669564,0.236914392,0,0,0.445661646,0,0,0.306519967,0.27680701,0.845589504,0,0.187174178,0,0.808802787,0,0,0,0.13062921,0.13062921,0.306519967,0,0,0,0,0,0,0,0,0,0,0.5,0.5,0.5,0.5,0.5,0.5,0.5,0.5,0.5,0.5,0.5,0.5,0.5,0.5,0.5,0.5,0.5,0.5,0.5,0.5,0.5,0.5,0.5,0.5,0.5,0.5,0.5,0.5,0.5,0.5,0.5
0.371294056,0.402508132,0.386012491,0.419510997,0.412683511,0.354996552,0.306120525,0.304368098,0.071515758,0.3134647,0.214631683,0.153311385,0.106867573,0.261946124,0.386338828,0.270803051,0.334277537,0.30969735,0.211719939,0.343531032,0.341171392,0.358979465,0.47359981,0.41365033,0.499405501,0.545900514,0.427953943,0.447825962,0.58187579,0.333634981,0.620813779,0.278470542,0.281755692,0.306917149,0,0,0.264773377,0,0,0.053636819,0.256226089,0.198226253,0.11291257,0.071556352,0.233155342,0.333973687,0.144630968,0.27234073,0.243168381,0.261334242,0.319744812,0.191063671,0.305141906,0,0.323679522,0.406657591,0.409788456,0,0,0,0,0,0.270716059,0.064889295,0.509564048,0.423152113,0.392331103,0.194752363,0.28096258,0.515890828,0.225852768,0.161741515,0.457806538,0.239708849,0.370564942,0.070344354,0.47791803,0.402160391,0.255302183,0.263761627,0.084559187,0.147028563,0.339450908,0.290682765,0.390724884,0.220237351,0.430449105,0.398411924,0.403559828,0.381536007,0.313242247,0.181005964,0.659676211,0,0.209852948,0.219280905,0,0,0.458086658,0,0,0.297009816,0.325924122,0.85,0,0.175158675,0,0.819834201,0,0,0,0.136583858,0.136583858,0.297009816,0,0,0,0,0,0,0,0,0,0,0.5,0.5,0.5,0.5,0.5,0.5,0.5,0.5,0.5,0.5,0.5,0.5,0.5,0.5,0.5,0.5,0.5,0.5,0.5,0.5,0.5,0.5,0.5,0.5,0.5,0.5,0.5,0.5,0.5,0.5,0.5
0.1818794,0.301476383,0.241689208,0.274781866,0.27000608,0.184058779,0.165964035,0.130936153,0.036301515,0.174255908,0.116008808,0.108934438,0.0533624,0.153508278,0.247981421,0.186749408,0.213203245,0.191370075,0.136704096,0.223791728,0.22911827,0.232483597,0.308363287,0.274404031,0.358558371,0.430479327,0.295186135,0.344809161,0.421911178,0.246166252,0.575767315,0.13640955,0.211033468,0.22488031,0,0,0.128410598,0,0,0.027226136,0.125406498,0.093445628,0.085395191,0.038532894,0.136288811,0.213968202,0.081694767,0.182119939,0.156490952,0.170188556,0.210174945,0.137824875,0.197611048,0,0.214576919,0.277432162,0.361841334,0,0,0,0,0,0.198735977,0.122123767,0.399720547,0.361936831,0.357360254,0.201995958,0.225439681,0.462506688,0.243949136,0.142073472,0.437510231,0.20109637,0.283105209,0.038231273,0.489812186,0.38695084,0.210000556,0.316282251,0.07073397,0.156875638,0.327603957,0.32888582,0.428983747,0.254328348,0.450968721,0.53175428,0.423993203,0.39586989,0.392337282,0.159509324,0.642347069,0,0.31117147,0.179547499,0,0,0.294087487,0,0,0.259741994,0.325924122,0.85,0,0.128566478,0,0.820014992,0,0,0,0.176705272,0.176705272,0.259741994,0,0,0,0,0,0,0,0,0,0,0.5,0.5,0.5,0.5,0.5,0.5,0.5,0.5,0.5,0.5,0.5,0.5,0.5,0.5,0.5,0.5,0.5,0.5,0.5,0.5,0.5,0.5,0.5,0.5,0.5,0.5,0.5,0.5,0.5,0.5,0.5
0.102269394,0.130381908,0.134563928,0.134082868,0.133296185,0.043882902,0.044311353,0.029186848,0.007824797,0.049544571,0.031375123,0.049550315,0.015272866,0.073206609,0.107275332,0.080151342,0.083643017,0.08278123,0.054865326,0.103037562,0.098894389,0.09799068,0.148348222,0.131349049,0.196387316,0.273882862,0.143266211,0.231234206,0.249687968,0.134868361,0.496770088,0.076702046,0.091267335,0.129724892,0,0,0.022561054,0,0,0.005868598,0.034472928,0.02561404,0.039801355,0.010093499,0.070876685,0.099970806,0.030196051,0.083935533,0.06507545,0.073975492,0.098559273,0.052724563,0.083280937,0,0.102327631,0.140276613,0.239891485,0,0,0,0,0,0.068187297,0.220339482,0.238942377,0.222711654,0.248373432,0.241992257,0.173662313,0.425395688,0.19939727,0.162515526,0.3446137,0.141317826,0.18921358,0.017373625,0.470625876,0.359413372,0.156338004,0.343446261,0.086555764,0.201110326,0.304391148,0.365915989,0.478931113,0.297423474,0.470469965,0.589165971,0.430536348,0.410158698,0.438375244,0.152208307,0.646212341,0,0.473391281,0.187078772,0,0,0.087868417,0,0,0.287390982,0.347832035,0.85,0,0,0,0.8091597,0,0,0,0.192396456,0.192396456,0.287390982,0,0,0,0,0,0,0,0,0,0,0.5,0.5,0.5,0.5,0.5,0.5,0.5,0.5,0.5,0.5,0.5,0.5,0.5,0.5,0.5,0.5,0.5,0.5,0.5,0.5,0.5,0.5,0.5,0.5,0.5,0.5,0.5,0.5,0.5,0.5,0.5
0,0,0.002257523,0.003245676,0.028348091,0,0,0,0,0,0,0,0,0,0,5.31E-04,6.15E-05,0.000295989,0.000169352,0.007856116,0.002324816,0.013245213,0.063163229,0.03382275,0.065743835,0.127818458,0.013983889,0.100665555,0.129694135,0.030211906,0.401122777,0,0,0.001821943,0,0,0,0,0,0,0,0,0,0,0,0,4.54E-05,0,0,0.000406444,0.018761846,0,0.011258431,0,0.024251387,0.046743256,0.090232324,0,0,0,0,0,0,0.302892365,0.185679405,0.183700652,0.17063635,0.312792194,0.276463902,0.416577638,0.227312323,0.212387791,0.320104301,0.134763484,0.155243063,0.017467307,0.461393975,0.31205571,0.131741014,0.408865301,0.156772032,0.281913033,0.310989948,0.345873837,0.507293122,0.32207472,0.472402098,0.60740161,0.376299723,0.441632072,0.404002093,0.14138318,0.654561003,0,0.587826691,0.202084777,0,0,0,0,0,0.336511142,0.439358842,0.85,0,0,0,0.757137782,0,0,0,0.200209226,0.200209226,0.336511142,0,0,0,0,0,0,0,0,0,0,0.5,0.5,0.5,0.5,0.5,0.5,0.5,0.5,0.5,0.5,0.5,0.5,0.5,0.5,0.5,0.5,0.5,0.5,0.5,0.5,0.5,0.5,0.5,0.5,0.5,0.5,0.5,0.5,0.5,0.5,0.5
0,0,0,0,0,0,0,0,0,0,0,0,0,0,0,0,0,0,0,0,0,0,0,0,0,0.01789329,0,0.00669067,0.01445594,0,0.269091405,0,0,0,0,0,0,0,0,0,0,0,0,0,0,0,0,0,0,0,0,0,0,0,0,0,0.005269987,0,0,0,0,0,0,0.271297742,0.211651201,0.186243171,0.149675878,0.365902389,0.40084922,0.403472607,0.32841355,0.2341321,0.35631939,0.164268828,0.149339105,0.027184011,0.474139547,0.277245602,0.130974249,0.479161813,0.247973704,0.364250916,0.316764889,0.331257237,0.473498235,0.3231388,0.422153682,0.6040678,0.34564454,0.429716066,0.28768689,0.149666025,0.65911548,0,0.689547949,0.194627158,0,0,0,0,0,0.357618824,0.359590675,0.85,0,0.162769621,0,0.637720627,0,0,0,0.223480696,0.223480696,0.357618824,0,0,0,0,0,0,0,0,0,0,0.5,0.5,0.5,0.5,0.5,0.5,0.5,0.5,0.5,0.5,0.5,0.5,0.5,0.5,0.5,0.5,0.5,0.5,0.5,0.5,0.5,0.5,0.5,0.5,0.5,0.5,0.5,0.5,0.5,0.5,0.5
0,0,0,0,0,0,0,0,0,0,0,0,0,0,0,0,0,0,0,0,0,0,0,0,0,0,0,0,0,0,0.120145229,0,0,0,0,0,0,0,0,0,0,0,0,0,0,0,0,0,0,0,0,0,0,0,0,0,0,0,0,0,0,0,0.078456884,0.240018575,0.227231087,0.186437035,0.146199578,0.385016873,0.513461068,0.386919041,0.530497912,0.257716614,0.367921186,0.208799429,0.160612389,0.051639445,0.475183342,0.277016897,0.125836212,0.524660613,0.308890432,0.416063079,0.294176275,0.36510267,0.496071724,0.350652939,0.423490646,0.607349748,0.371863887,0.39161753,0.24641342,0.19120351,0.660101718,0,0.764199164,0.171684759,0,0,0,0,0,0.368228063,0.268309558,0.85,0,0.27921429,0,0.491624665,0,0,0,0.28519735,0.28519735,0.368228063,0,0,0,0,0,0,0,0,0,0,0.5,0.5,0.5,0.5,0.5,0.5,0.5,0.5,0.5,0.5,0.5,0.5,0.5,0.5,0.5,0.5,0.5,0.5,0.5,0.5,0.5,0.5,0.5,0.5,0.5,0.5,0.5,0.5,0.5,0.5,0.5
0,0,0,0,0,0,0,0,0,0,0,0,0,0,0,0,0,0,0,0,0,0,0,0,0,0,0,0,0,0,0.030187982,0,0,0,0,0,0,0,0,0,0,0,0,0,0,0,0,0,0,0,0,0,0,0,0,0,0,0,0,0,0,0,0.192134097,0.26113616,0.225411654,0.177451872,0.130463917,0.402639114,0.577950203,0.37329636,0.692016053,0.46781482,0.385932966,0.193379153,0.305487335,0.057455866,0.495256123,0.293017712,0.107277266,0.539476459,0.361265322,0.493344091,0.275172365,0.537277056,0.426563597,0.377938269,0.456253196,0.605956646,0.346606931,0.320217919,0.336423953,0.261348598,0.661302149,0,0.774459923,0.143839623,0,0,0.082920791,0,0,0.347558005,0.452909914,0.85,0,0.358156816,0,0.385760826,0,0,0,0.275986607,0.275986607,0.347558005,0,0,0,0,0,0,0,0,0,0,0.5,0.5,0.5,0.5,0.5,0.5,0.5,0.5,0.5,0.5,0.5,0.5,0.5,0.5,0.5,0.5,0.5,0.5,0.5,0.5,0.5,0.5,0.5,0.5,0.5,0.5,0.5,0.5,0.5,0.5,0.5
0,0,0,0,0,0,0,0,0,0,0,0,0,0,0,0,0,0,0,0,0,0,0,0,0,0,0,0,0,0,0,0,0,0,0,0,0,0,0,0,0,0,0,0,0,0,0,0,0,0,0,0,0,0,0,0,0,0,0,0,0,0,0.274360067,0.328226808,0.218400769,0.189957797,0.123947222,0.410802832,0.597279865,0.364285653,0.718273637,0.475854466,0.407760601,0.176944503,0.43885997,0.062500576,0.514043784,0.290144475,0.079536469,0.553244145,0.40496659,0.521864024,0.283555818,0.690692731,0.385438978,0.392130885,0.486843719,0.567356397,0.327013585,0.287237826,0.442421955,0.323985189,0.628921335,0,0.703779018,0.130304864,0,0,0.107541553,0,0,0.297563226,0.528873958,0.85,0,0.385194448,0,0.333298834,0,0,0,0.241291575,0.241291575,0.297563226,0,0,0,0,0,0,0,0,0,0,0.5,0.5,0.5,0.5,0.5,0.5,0.5,0.5,0.5,0.5,0.5,0.5,0.5,0.5,0.5,0.5,0.5,0.5,0.5,0.5,0.5,0.5,0.5,0.5,0.5,0.5,0.5,0.5,0.5,0.5,0.5
0,0,0,0,0,0,0,0,0,0,0,0,0,0,0,0,0,0,0,0,0,0,0,0,0,0,0,0,0,0,0,0,0,0,0,0,0,0,0,0,0,0,0,0,0,0,0,0,0,0,0,0,0,0,0,0,0,0,0,0,0,0,0,0,0.248023809,0.334614499,0.481463135,0.277179886,0.381655435,0.077731617,0.212679966,0.159121185,0.156965395,0.172313622,0.430031847,0.13672424,0.165722924,0.124100121,0.082408676,0.12945053,0,0.075904682,0.23528329,0.532623095,0.412816391,0.289236969,0.178241802,0.29976784,0.334844189,0.047698183,0.079269071,0.336877195,0.556839147,0,0.21652372,0.481265917,0,0,0.122690837,0,0,0.080274357,0.23607383,0.31527356,0,0.597431526,0,0.089347537,0,0,0,0.15631827,0.15631827,0.080274357,0,0,0,0,0,0,0,0,0,0,0.5,0.5,0.5,0.5,0.5,0.5,0.5,0.5,0.5,0.5,0.5,0.5,0.5,0.5,0.5,0.5,0.5,0.5,0.5,0.5,0.5,0.5,0.5,0.5,0.5,0.5,0.5,0.5,0.5,0.5,0.5
0,0,0,0,0,0,0,0,0,0,0,0,0,0,0,0,0,0,0,0,0,0,0,0,0,0,0,0,0,0,0,0,0,0,0,0,0,0,0,0,0,0,0,0,0,0,0,0,0,0,0,0,0,0,0,0,0,0,0,0,0,0,0,0,0.235133227,0.305773276,0.517833969,0.272931053,0.407351799,0.082786441,0.195360203,0.180299387,0.143326699,0.168600166,0.413023572,0.135464053,0.13767401,0.108114299,0.06201607,0.108187209,0,0.047689701,0.187674238,0.528922768,0.426336774,0.30243507,0.196086294,0.290199031,0.33268868,0.076516954,0.076418717,0.345612144,0.553137275,0,0.199925521,0.518287425,0,0,0.13601752,0,0,0.069274265,0.179546799,0.315087841,0,0.586892628,0,0.101563174,0,0,0,0.14960795,0.14960795,0.069274265,0,0,0,0,0,0,0,0,0,0,0.5,0.5,0.5,0.5,0.5,0.5,0.5,0.5,0.5,0.5,0.5,0.5,0.5,0.5,0.5,0.5,0.5,0.5,0.5,0.5,0.5,0.5,0.5,0.5,0.5,0.5,0.5,0.5,0.5,0.5,0.5
0,0,0,0,0,0,0,0,0,0,0,0,0,0,0,0,0,0,0,0,0,0,0,0,0,0,0,0,0,0,0,0,0,0,0,0,0,0,0,0,0,0,0,0,0,0,0,0,0,0,0,0,0,0,0,0,0,0,0,0,0,0,0,0.064726753,0.226425089,0.258621013,0.531611779,0.277486799,0.407590632,0.085768151,0.180103858,0.202024428,0.146519692,0.173437391,0.398037281,0.120303713,0.15117598,0.097737594,0.085995288,0.079951803,0,0.031629939,0.156364835,0.536902678,0.363191849,0.284411023,0.184300953,0.313750546,0.333983778,0.151084736,0.069381149,0.340204166,0.541825139,0,0.185361759,0.543326691,0,0,0.129077045,0,0,0.080205258,0.137318336,0.31490197,0,0.60801502,0,0.12077922,0,0,0,0.136239722,0.136239722,0.080205258,0,0,0,0,0,0,0,0,0,0,0.5,0.5,0.5,0.5,0.5,0.5,0.5,0.5,0.5,0.5,0.5,0.5,0.5,0.5,0.5,0.5,0.5,0.5,0.5,0.5,0.5,0.5,0.5,0.5,0.5,0.5,0.5,0.5,0.5,0.5,0.5
0,0,0,0,0,0,0,0,0,0,0,0,0,0,0,0,0,0,0,0,0,0,0,0,0,0,0,0,0,0,0,0,0,0,0,0,0,0,0,0,0,0,0,0,0,0,0,0,0,0,0,0,0,0,0,0,0,0,0,0,0,0,0,0.101502035,0.221974563,0.243593088,0.541466624,0.283910516,0.396075109,0.071252012,0.164460794,0.182893979,0.147280665,0.144308619,0.383234902,0.102289059,0.176563158,0.10031963,0.09336042,0.0481266,0,0.02954477,0.127219932,0.533144984,0.297790848,0.272593981,0.151617909,0.325824828,0.334314549,0.177285016,0.062368526,0.322154732,0.545236205,0,0.185361759,0.469328629,0,0,0.097829797,0,0,0.091949937,0.123534393,0.362955826,0,0.618217687,0,0.133188383,0,0,0,0.117823751,0.117823751,0.091949937,0,0,0,0,0,0,0,0,0,0,0.5,0.5,0.5,0.5,0.5,0.5,0.5,0.5,0.5,0.5,0.5,0.5,0.5,0.5,0.5,0.5,0.5,0.5,0.5,0.5,0.5,0.5,0.5,0.5,0.5,0.5,0.5,0.5,0.5,0.5,0.5
0,0,0,0,0,0,0,0,0,0,0,0,0,0,0,0,0,0,0,0,0,0,0,0,0,0,0,0,0,0,0,0,0,0,0,0,0,0,0,0,0,0,0,0,0,0,0,0,0,0,0,0,0,0,0,0,0,0,0,0,0,0,0,0.121854367,0.213026103,0.2471033,0.535740903,0.299066461,0.394685676,0.049490366,0.164577858,0.191720166,0.131323302,0.115186645,0.383234902,0.092058106,0.19721789,0.115822295,0.113282986,0.024408149,0,0.022267165,0.131532118,0.500546204,0.25166091,0.272487203,0.13364648,0.331938374,0.318296034,0.192072518,0.048636729,0.321793885,0.530870136,0,0.170437174,0.343508029,0,0,0.069631386,0,0,0.080205258,0.15080321,0.4142545,0,0.597143968,0,0.140358169,0,0,0,0.099489891,0.099489891,0.080205258,0,0,0,0,0,0,0,0,0,0,0.5,0.5,0.5,0.5,0.5,0.5,0.5,0.5,0.5,0.5,0.5,0.5,0.5,0.5,0.5,0.5,0.5,0.5,0.5,0.5,0.5,0.5,0.5,0.5,0.5,0.5,0.5,0.5,0.5,0.5,0.5
0,0,0,0,0,0,0,0,0,0,0,0,0,0,0,0,0,0,0,0,0,0,0,0,0,0,0,0,0,0,0,0,0,0,0,0,0,0,0,0,0,0,0,0,0,0,0,0,0,0,0,0,0,0,0,0,0,0,0,0,0,0,0,0.137166952,0.225095648,0.24049258,0.553389343,0.333486343,0.383707988,0.043798797,0.165535614,0.195884788,0.117514247,0.096481799,0.387154681,0.096985262,0.215014046,0.144685424,0.120047406,0.018328658,0,0.017843961,0.135487316,0.482712269,0.254687886,0.262390871,0.102243808,0.314334013,0.329549201,0.210501108,0.04439168,0.304363729,0.53403616,0,0.154987161,0.208363095,0,0,0.058523168,0,0,0.06960344,0.188446798,0.424650152,0,0.563619025,0,0.126203765,0,0,0,0.088963775,0.088963775,0.06960344,0,0,0,0,0,0,0,0,0,0,0.5,0.5,0.5,0.5,0.5,0.5,0.5,0.5,0.5,0.5,0.5,0.5,0.5,0.5,0.5,0.5,0.5,0.5,0.5,0.5,0.5,0.5,0.5,0.5,0.5,0.5,0.5,0.5,0.5,0.5,0.5
0,0,0,0,0.004222255,0.020224809,0.031104675,0.052589179,0.009016901,0.00089496,0.000430143,0,0,0,0.004224105,0,0,0,0,0,0,0,0,0,0,0,0,0,0,0,0,0,0,0,0,0,0.026591991,0,0,0.006762676,0.00201366,0,0,0,0,0,0,0,0,0,0,0,0,0,0,0,0,0,0,0,0,0,0,0.156841666,0.228084426,0.231714444,0.57831757,0.322256185,0.386474358,0.03382799,0.186183734,0.17600012,0.146532421,0.091149816,0.380992615,0.104888902,0.227305639,0.14144428,0.120082263,0.007098888,0,0.035722616,0.124880703,0.451236125,0.292470229,0.229831194,0.05819558,0.253629675,0.336920869,0.204757952,0.068531721,0.271906414,0.55094174,0,0.130540721,0.108488901,0,0,0.064406616,0,0,0.07766517,0.215622402,0.413693924,0,0.52552442,0,0.105268874,0,0,0,0.100137818,0.100137818,0.07766517,0,0,0,0,0,0,0,0,0,0,0.5,0.5,0.5,0.5,0.5,0.5,0.5,0.5,0.5,0.5,0.5,0.5,0.5,0.5,0.5,0.5,0.5,0.5,0.5,0.5,0.5,0.5,0.5,0.5,0.5,0.5,0.5,0.5,0.5,0.5,0.5
0.084858065,0.086810692,0.073446791,0.052439518,0.066702391,0.146325062,0.166053815,0.16211702,0.119296344,0.093149817,0.108897966,0.052867996,0.055996305,0.085021391,0.100375347,0.027651959,0.040975516,0.044797118,0.067370461,0.032508485,0.02796683,0.026268367,0,0.007283331,0,0,0.015867761,0.000577223,0,0.008905302,0,0.063643549,0.060767485,0.047489881,0,0,0.137050238,0,0,0.089472258,0.082140127,0.072850613,0.058173336,0.058335935,0.084728569,0.052656278,0.009635627,0.050964878,0.043346138,0.046188514,0.005038595,0.031566621,0.022327035,0,0.000409398,0,0,0,0,0,0,0,0,0.138015177,0.243402829,0.205126636,0.565247844,0.28458665,0.39595665,0.019394433,0.237177738,0.15882411,0.180888442,0.107060922,0.379262651,0.093771405,0.219289871,0.120149709,0.122951591,0.016558321,0,0.046483696,0.13617744,0.442534745,0.288565879,0.222120445,0.04097885,0.207829737,0.317762572,0.177987989,0.087295297,0.240618244,0.557160328,0,0.125721474,0.09617693,0,0,0.079005976,0,0,0.106972453,0.250875181,0.433988688,0,0.539257633,0,0.092987959,0,0,0,0.138304401,0.138304401,0.106972453,0,0,0,0,0,0,0,0,0,0,0.5,0.5,0.5,0.5,0.5,0.5,0.5,0.5,0.5,0.5,0.5,0.5,0.5,0.5,0.5,0.5,0.5,0.5,0.5,0.5,0.5,0.5,0.5,0.5,0.5,0.5,0.5,0.5,0.5,0.5,0.5
0.235682277,0.185265745,0.235023355,0.161931486,0.220293076,0.303489129,0.329130058,0.334033147,0.255932239,0.219107888,0.157679115,0.194715345,0.218093639,0.196375156,0.224656128,0.168960632,0.181391834,0.158183804,0.183756567,0.138069471,0.147534619,0.132207189,0.08879306,0.098065529,0.074651269,0.02598904,0.151059679,0.077453458,0.067733011,0.123161853,0,0.176761707,0.129686022,0.172436401,0,0,0.264044244,0,0,0.191949179,0.160585801,0.150864041,0.14937274,0.171163109,0.134725769,0.131645101,0.113952156,0.164678857,0.130668619,0.128098118,0.08723638,0.124456346,0.112379187,0,0.066682471,0.041219507,0.020543029,0,0,0,0,0,0,0.123053557,0.255552961,0.189334309,0.553166212,0.264197649,0.401801122,0.014326875,0.267084348,0.152686576,0.199060869,0.11481935,0.378780973,0.086795164,0.211805114,0.107614807,0.123399843,0.020069544,0,0.048340304,0.145109316,0.438615554,0.278442504,0.220497177,0.03231469,0.187933861,0.303863203,0.162020562,0.096795992,0.224345082,0.559346346,0,0.125172373,0.091374694,0,0,0.087341492,0,0,0.121795346,0.266668586,0.448331001,0,0.552652451,0,0.087747996,0,0,0,0.15852667,0.15852667,0.121795346,0,0,0,0,0,0,0,0,0,0,0.5,0.5,0.5,0.5,0.5,0.5,0.5,0.5,0.5,0.5,0.5,0.5,0.5,0.5,0.5,0.5,0.5,0.5,0.5,0.5,0.5,0.5,0.5,0.5,0.5,0.5,0.5,0.5,0.5,0.5,0.5
0.383413311,0.24535859,0.390394391,0.278894675,0.390817979,0.453412829,0.481270129,0.474587893,0.355619697,0.33725945,0.25423707,0.325003102,0.357536692,0.31656216,0.337176178,0.265652259,0.32591385,0.268038948,0.318192958,0.263599172,0.297313767,0.26044504,0.244840132,0.236407615,0.194932648,0.174491276,0.281154059,0.208341334,0.214586075,0.268208004,0.023888244,0.287559983,0.171751013,0.282863215,0,0,0.381293693,0,0,0.266714773,0.223638621,0.231159681,0.259276596,0.283977388,0.251593922,0.195192942,0.18991516,0.23010826,0.237643189,0.230478923,0.196552838,0.246354686,0.221389232,0,0.192584096,0.085153346,0.14738093,0,0,0,0,0,0,0.08720733,0.286765685,0.15103031,0.528563729,0.218539838,0.414610623,0.004953211,0.332811883,0.142050226,0.238218973,0.13078679,0.37780809,0.069386265,0.195448012,0.076371299,0.122600724,0.026352444,0,0.049209277,0.165986057,0.431008319,0.247478759,0.214573885,0.011664154,0.149468178,0.272303468,0.126910394,0.124226269,0.190357844,0.564229081,0,0.125385499,0.082155525,0,0,0.105734,0,0,0.148457478,0.300367427,0.481803179,0,0.5845545,0,0.076669313,0,0,0,0.20024975,0.20024975,0.148457478,0,0,0,0,0,0,0,0,0,0,0.5,0.5,0.5,0.5,0.5,0.5,0.5,0.5,0.5,0.5,0.5,0.5,0.5,0.5,0.5,0.5,0.5,0.5,0.5,0.5,0.5,0.5,0.5,0.5,0.5,0.5,0.5,0.5,0.5,0.5,0.5
0.505318236,0.353457933,0.528579165,0.376218826,0.538186316,0.569559258,0.595399896,0.547774443,0.437839737,0.441252486,0.39122523,0.434561202,0.471221573,0.409237329,0.454747926,0.39598473,0.433421866,0.353875485,0.429840854,0.387915514,0.444523441,0.374082831,0.432733322,0.373042589,0.322997673,0.370378129,0.395001445,0.390662903,0.375649544,0.397834164,0.086911078,0.378988677,0.247420553,0.395599263,0,0,0.468739531,0,0,0.328379803,0.287449273,0.327442441,0.350891789,0.37495106,0.353759257,0.279324342,0.311262204,0.290231057,0.328536014,0.318279752,0.296516059,0.344396578,0.317989256,0,0.294214554,0.141789814,0.281278739,0,0,0,0,0,0,0.07670889,0.342099127,0.162708633,0.546344646,0.228146706,0.431656195,0.000310901,0.387642675,0.143794537,0.294055073,0.135229637,0.362250761,0.056360077,0.222118058,0.058117103,0.149584594,0.023357148,0,0.057205792,0.169260135,0.420930662,0.211339864,0.164239928,0.000819174,0.164950313,0.297943406,0.112174456,0.142640623,0.250098396,0.595863695,0,0.119494847,0.073920337,0,0,0.140294185,0,0,0.188996947,0.358283547,0.484659383,0,0.605712258,0,0.072128032,0,0,0,0.237183849,0.237183849,0.188996947,0,0,0,0,0,0,0,0,0,0,0.5,0.5,0.5,0.5,0.5,0.5,0.5,0.5,0.5,0.5,0.5,0.5,0.5,0.5,0.5,0.5,0.5,0.5,0.5,0.5,0.5,0.5,0.5,0.5,0.5,0.5,0.5,0.5,0.5,0.5,0.5
0.587783016,0.400310886,0.620991497,0.438678099,0.647801465,0.643548516,0.665523521,0.570895692,0.543748316,0.528586255,0.480417005,0.514691391,0.548478941,0.489117925,0.521600035,0.467893912,0.48413632,0.456767412,0.509088764,0.477948367,0.541598917,0.461270744,0.507726781,0.520458489,0.459777725,0.545110249,0.489902409,0.538714602,0.512035344,0.51441899,0.213623925,0.440837262,0.28021762,0.476807687,0,0,0.52148741,0,0,0.407811237,0.369588481,0.394796476,0.400562131,0.435186589,0.422714977,0.326441666,0.344039866,0.348224401,0.390773329,0.380743167,0.371368397,0.410985376,0.392105278,0,0.374314496,0.186364574,0.399204553,0,0,0,0,0,0,0,0.347457998,0.201205738,0.528861451,0.21050206,0.439529353,0,0.389526259,0.094751727,0.3296698,0.138951394,0.341979634,0.039410841,0.23719051,0.096665934,0.168313498,0,0,0.047922632,0.155471327,0.381920884,0.177126965,0.107057507,0,0.168072196,0.344623354,0.096701855,0.193443041,0.342517617,0.649321567,0,0.11321909,0,0,0,0.168149129,0,0,0.221132178,0.405096239,0.450785268,0,0.585448631,0,0.077480694,0,0,0,0.255526829,0.255526829,0.221132178,0,0,0,0,0,0,0,0,0,0,0.5,0.5,0.5,0.5,0.5,0.5,0.5,0.5,0.5,0.5,0.5,0.5,0.5,0.5,0.5,0.5,0.5,0.5,0.5,0.5,0.5,0.5,0.5,0.5,0.5,0.5,0.5,0.5,0.5,0.5,0.5
0.590843153,0.436839054,0.655822533,0.512417244,0.709315817,0.6693984,0.685881692,0.557955825,0.586624067,0.572324495,0.549392294,0.543177032,0.584223382,0.540209869,0.555162535,0.50733638,0.486111938,0.515124685,0.547765629,0.528637107,0.579137947,0.514931962,0.543400536,0.589067707,0.559340623,0.663876275,0.581111547,0.627723248,0.574308025,0.574300168,0.33020016,0.443132364,0.305787338,0.521603839,0,0,0.535356403,0,0,0.43996805,0.414417503,0.405020013,0.407652851,0.46247998,0.453880505,0.376452523,0.34128294,0.436956414,0.423749445,0.41002943,0.416278794,0.45573007,0.437721083,0,0.422019628,0.278630868,0.489149079,0,0,0,0,0,0,0,0.345260563,0.193569337,0.506130599,0.200522394,0.469851843,0,0.376490779,0.072149145,0.336219976,0.136023089,0.334361163,0.029464536,0.221844045,0.108050647,0.186305388,0,0,0.036683296,0.140482789,0.312854434,0.155071311,0.083505104,0.026868451,0.084046447,0.343067636,0.073985216,0.182301603,0.361343058,0.644059938,0,0.094740506,0,0,0,0.175821057,0,0,0.221132178,0.439639976,0.41898968,0,0.514032087,0,0.082930764,0,0,0,0.23001052,0.23001052,0.221132178,0,0,0,0,0,0,0,0,0,0,0.5,0.5,0.5,0.5,0.5,0.5,0.5,0.5,0.5,0.5,0.5,0.5,0.5,0.5,0.5,0.5,0.5,0.5,0.5,0.5,0.5,0.5,0.5,0.5,0.5,0.5,0.5,0.5,0.5,0.5,0.5
0.51882885,0.428266112,0.630685174,0.469356877,0.7101515,0.644387824,0.653895188,0.527773293,0.568757292,0.564508128,0.542052561,0.496737217,0.575244663,0.554727386,0.556937602,0.539979771,0.532777861,0.52696947,0.542011674,0.539685481,0.585272101,0.528675638,0.59546143,0.61320765,0.642802835,0.735277344,0.607064386,0.671968863,0.66271624,0.658019179,0.481855546,0.389121638,0.299786278,0.510643242,0,0,0.508358543,0,0,0.426567969,0.409380787,0.377816119,0.397486687,0.453715183,0.449962441,0.40614494,0.400425645,0.457574374,0.424617274,0.408422974,0.431272801,0.452567541,0.449403602,0,0.436819422,0.412179669,0.542289201,0,0,0,0,0,0,0,0.323027809,0.192722511,0.486036358,0.209754557,0.484357389,0.028187028,0.342355413,0.065055248,0.355260771,0.124246824,0.334361163,0.05700363,0.216912351,0.10145844,0.202537176,0,0,0.039813642,0.112063268,0.252844264,0.167460548,0.084943663,0.039767033,0.060035568,0.33933942,0.057417882,0.203420817,0.367303997,0.621508268,0,0.082223871,0,0,0,0.183378073,0,0,0.213343123,0.451030738,0.387152298,0,0.438572671,0,0.065870673,0,0,0,0.198655473,0.198655473,0.213343123,0,0,0,0,0,0,0,0,0,0,0.5,0.5,0.5,0.5,0.5,0.5,0.5,0.5,0.5,0.5,0.5,0.5,0.5,0.5,0.5,0.5,0.5,0.5,0.5,0.5,0.5,0.5,0.5,0.5,0.5,0.5,0.5,0.5,0.5,0.5,0.5
0.39426443,0.462389612,0.55416563,0.402413165,0.597284664,0.571693786,0.571013457,0.462689389,0.50967415,0.51496344,0.442835589,0.441962784,0.511291078,0.510813732,0.499044498,0.48287647,0.518961974,0.489479772,0.498656741,0.499156943,0.530863352,0.503523655,0.628202083,0.591941061,0.671008326,0.745622522,0.554733488,0.653525654,0.667774023,0.651004375,0.571942327,0.295698323,0.323672728,0.451111447,0,0,0.444036544,0,0,0.382255613,0.375988377,0.344697928,0.363446353,0.387824966,0.412613178,0.350195156,0.393501601,0.425754038,0.387748888,0.376159987,0.387706005,0.44315953,0.428022001,0,0.41954854,0.49627012,0.554330718,0,0,0,0,0,0,0,0.307302006,0.222856046,0.461610204,0.213742278,0.481619755,0.047655745,0.288593111,0.062014884,0.348764223,0.104547088,0.334361163,0.079366695,0.214901007,0.103497182,0.194494212,0.021093059,0,0.043306412,0.091772987,0.229677882,0.169258297,0.101911377,0.046727783,0.075465072,0.336409496,0.045397335,0.197696974,0.377383543,0.599595873,0,0.061207665,0,0,0,0.205675965,0,0,0.205590789,0.416275141,0.37735819,0,0.391017645,0,0,0,0,0,0.142070968,0.142070968,0.205590789,0,0,0,0,0,0,0,0,0,0,0.5,0.5,0.5,0.5,0.5,0.5,0.5,0.5,0.5,0.5,0.5,0.5,0.5,0.5,0.5,0.5,0.5,0.5,0.5,0.5,0.5,0.5,0.5,0.5,0.5,0.5,0.5,0.5,0.5,0.5,0.5
0.408272644,0.365653067,0.488550016,0.368094285,0.503317802,0.457115386,0.438670761,0.359173488,0.402979232,0.409302643,0.353307841,0.342909117,0.396714048,0.426371932,0.410863302,0.442600356,0.44742212,0.405791098,0.418074342,0.441007555,0.4036218,0.438045252,0.556969356,0.518958409,0.602379018,0.70963337,0.470014802,0.576497076,0.616804704,0.581215494,0.578164448,0.306204483,0.255957147,0.361098363,0,0,0.348033545,0,0,0.302234424,0.275326707,0.287264539,0.278752505,0.297464799,0.342379706,0.283311924,0.338426694,0.360637827,0.303960467,0.310821484,0.360930288,0.375719454,0.372358752,0,0.373984725,0.432115606,0.523931743,0,0,0,0,0,0,0,0.286608341,0.249084605,0.444161934,0.210483893,0.46975034,0.058895569,0.258368138,0.061927698,0.347399163,0.096476039,0.334361163,0.106251977,0.209112489,0.113455194,0.180079944,0.028807422,0,0.046623628,0.107704633,0.213210195,0.180132324,0.138621539,0.046634361,0.071472887,0.332791868,0.038960363,0.173102076,0.391102695,0.55337444,0,0.055559312,0,0,0,0.239263072,0,0,0.189907747,0.380558051,0.367232808,0,0.400437687,0,0,0,0,0,0.076335379,0.076335379,0.189907747,0,0,0,0,0,0,0,0,0,0,0.5,0.5,0.5,0.5,0.5,0.5,0.5,0.5,0.5,0.5,0.5,0.5,0.5,0.5,0.5,0.5,0.5,0.5,0.5,0.5,0.5,0.5,0.5,0.5,0.5,0.5,0.5,0.5,0.5,0.5,0.5
0.352107642,0.224228234,0.366603772,0.292226924,0.394062471,0.306266835,0.289527011,0.223826557,0.257401203,0.276859057,0.287938469,0.240901735,0.284998975,0.306696402,0.297544687,0.335650065,0.334487997,0.299045621,0.309930204,0.342164494,0.269320759,0.341625291,0.423459625,0.408324491,0.457661868,0.609760061,0.354939451,0.475377891,0.503711003,0.446318829,0.554118568,0.264080731,0.156959764,0.246394263,0,0,0.228985114,0,0,0.193050903,0.161164079,0.226964049,0.209573983,0.234269441,0.239374732,0.231616949,0.255364672,0.268596702,0.225235031,0.232555606,0.287264623,0.234673554,0.290393624,0,0.300377095,0.262664293,0.451002906,0,0,0,0,0,0,0.059427801,0.280115753,0.294455193,0.387513387,0.172778762,0.42095847,0.055841109,0.23108334,0.064878935,0.402271929,0.084129541,0.334361163,0.145811345,0.20173214,0.164074052,0.168543194,0.050008382,0,0.050370445,0.119852197,0.191277074,0.224162287,0.16941471,0.046634361,0.113806832,0.35347124,0.055883385,0.160336607,0.399887428,0.475405258,0,0.066371166,0,0,0,0.284006628,0,0,0.197738288,0.349098004,0.41847619,0,0.438344506,0,0,0,0,0,0.070810011,0.070810011,0.197738288,0,0,0,0,0,0,0,0,0,0,0.5,0.5,0.5,0.5,0.5,0.5,0.5,0.5,0.5,0.5,0.5,0.5,0.5,0.5,0.5,0.5,0.5,0.5,0.5,0.5,0.5,0.5,0.5,0.5,0.5,0.5,0.5,0.5,0.5,0.5,0.5
0.229273855,0.129885884,0.227118109,0.196057309,0.26094908,0.146163075,0.134501298,0.093214209,0.121284508,0.158786999,0.119693369,0.160231005,0.163255085,0.175864934,0.167672551,0.195780845,0.194747767,0.185621226,0.185694282,0.218481587,0.214866666,0.218808926,0.267425521,0.270741713,0.32845485,0.452043289,0.249022744,0.357697211,0.35459328,0.278153073,0.504879714,0.171955391,0.090920119,0.150334272,0,0,0.10204968,0,0,0.090963381,0.106949063,0.117595794,0.133027223,0.134928017,0.129511612,0.135435738,0.154605779,0.159297552,0.148960545,0.146959779,0.189008997,0.163923947,0.185989771,0,0.200516196,0.203862389,0.334620109,0,0,0,0,0,0.058025454,0.082167326,0.270461163,0.328848834,0.302692301,0.138814137,0.367477204,0.030453616,0.195720467,0.064923058,0.376480035,0.066483073,0.334361163,0.169110534,0.192272806,0.224801924,0.169726863,0.097093573,0,0.087239448,0.118087467,0.17521087,0.256885697,0.169946745,0.046681095,0.244965823,0.368067686,0.084679977,0.135427367,0.431707661,0.463667401,0,0.106259343,0,0,0,0.35354783,0,0,0.22910595,0.349098004,0.47251363,0,0.476711613,0,0,0,0,0,0.076335379,0.076335379,0.22910595,0,0,0,0,0,0,0,0,0,0,0.5,0.5,0.5,0.5,0.5,0.5,0.5,0.5,0.5,0.5,0.5,0.5,0.5,0.5,0.5,0.5,0.5,0.5,0.5,0.5,0.5,0.5,0.5,0.5,0.5,0.5,0.5,0.5,0.5,0.5,0.5
0.086073104,0.038228561,0.08478395,0.075168599,0.08951813,0.038909604,0.016769577,0.007780684,0.041637708,0.046363679,0.024034163,0.060600752,0.049782719,0.079649719,0.06570633,0.079420324,0.070324905,0.082158196,0.07459957,0.115786961,0.099745879,0.090634599,0.118374154,0.134023188,0.180023059,0.252506522,0.098477538,0.206197836,0.209849371,0.115679798,0.479273977,0.064554828,0.026759993,0.06054053,0,0,0.014463586,0,0,0.031228281,0.022749604,0.025020061,0.03922886,0.035604133,0.066701023,0.07096161,0.05686051,0.05627776,0.080221693,0.076577273,0.096053981,0.075465522,0.077030084,0,0.100710826,0.132753596,0.188676256,0,0,0,0,0,0.073277231,0.089074895,0.194954432,0.298280146,0.230563839,0.180927261,0.258394386,0.02021316,0.188194525,0.071848177,0.316940555,0.079267477,0.34456785,0.16413259,0.182734863,0.273422826,0.160254842,0.145916636,0,0.089683414,0.092167786,0.122066295,0.31356737,0.138193808,0.048826068,0.331536874,0.33397445,0.128923526,0.057262244,0.387655944,0.467828056,0,0.172683497,0,0,0,0.442549772,0,0,0.237862561,0.31683473,0.440037048,0,0.458044369,0,0,0,0,0,0.082216825,0.082216825,0.237862561,0,0,0,0,0,0,0,0,0,0,0.5,0.5,0.5,0.5,0.5,0.5,0.5,0.5,0.5,0.5,0.5,0.5,0.5,0.5,0.5,0.5,0.5,0.5,0.5,0.5,0.5,0.5,0.5,0.5,0.5,0.5,0.5,0.5,0.5,0.5,0.5
0,0,0,0.000359971,0.021337617,0,0,0,0,0,0,0,0,0,0,0.00052828,0,0,0,0.005547045,0,0.009546373,0.044785536,0.030445353,0.062359546,0.166904778,0.012936622,0.09838013,0.11859816,0.038566516,0.354889729,0,0,0,0,0,0,0,0,0,0,0,0,0,0,0,0,0,0,0,0.013267525,0,0.008114417,0,0.018598634,0.031923061,0.118133201,0,0,0,0,0,0.084871455,0.115416323,0.165803495,0.321369331,0.244559189,0.245811414,0.219385844,0.028399478,0.172745801,0.097344843,0.321806828,0.123346915,0.350846134,0.164505836,0.201724795,0.324320423,0.179513807,0.165375955,0,0.086412508,0.097697966,0.097699913,0.414034084,0.127330437,0.084721917,0.428861691,0.325868227,0.172730896,0.022867732,0.338600276,0.459223426,0,0.245446696,0,0,0,0.49113687,0,0,0.237862561,0.288451462,0.357663403,0,0.419838901,0,0,0,0,0,0.070810011,0.070810011,0.237862561,0,0,0,0,0,0,0,0,0,0,0.5,0.5,0.5,0.5,0.5,0.5,0.5,0.5,0.5,0.5,0.5,0.5,0.5,0.5,0.5,0.5,0.5,0.5,0.5,0.5,0.5,0.5,0.5,0.5,0.5,0.5,0.5,0.5,0.5,0.5,0.5
0,0,0,0,0,0,0,0,0,0,0,0,0,0,0,0,0,0,0,0,0,0,0,0,0,0.019742303,0,0.001976497,0.009095699,0,0.213817443,0,0,0,0,0,0,0,0,0,0,0,0,0,0,0,0,0,0,0,0,0,0,0,0,0,0.004718122,0,0,0,0,0,0.063667136,0.168176513,0.172176383,0.337496032,0.314022616,0.306281395,0.190041053,0.037677493,0.14345058,0.119008383,0.328638396,0.14607797,0.35853013,0.189917559,0.221964871,0.304783372,0.194830166,0.201482643,0,0.096180454,0.105008681,0.109653382,0.425762015,0.147463779,0.090998335,0.4915332,0.376681417,0.211046108,0.021277419,0.365843368,0.465739521,0,0.302133539,0.078294329,0,0,0.491438413,0,0,0.238019849,0.298195487,0.357886029,0,0.458496926,0,0,0,0,0,0.082285642,0.082285642,0.238019849,0,0,0,0,0,0,0,0,0,0,0.5,0.5,0.5,0.5,0.5,0.5,0.5,0.5,0.5,0.5,0.5,0.5,0.5,0.5,0.5,0.5,0.5,0.5,0.5,0.5,0.5,0.5,0.5,0.5,0.5,0.5,0.5,0.5,0.5,0.5,0.5
0,0,0,0,0,0,0,0,0,0,0,0,0,0,0,0,0,0,0,0,0,0,0,0,0,0,0,0,0,0,0.087609984,0,0,0,0,0,0,0,0,0,0,0,0,0,0,0,0,0,0,0,0,0,0,0,0,0,0,0,0,0,0,0,0.058621315,0.221220954,0.190418999,0.327003546,0.369499976,0.361005176,0.17550725,0.050632658,0.115849649,0.124383986,0.295644673,0.145774252,0.365535808,0.204946719,0.247372393,0.270301118,0.177283343,0.201913321,0,0.129790097,0.083470875,0.144473203,0.378367693,0.164267689,0.06611622,0.492029212,0.433863145,0.248782667,0.099641417,0.418123669,0.456127702,0,0.333647546,0.11412662,0,0,0.431743857,0,0,0.246822315,0.328132804,0.408677644,0,0.542119529,0,0,0,0,0,0.082285642,0.082285642,0.246822315,0,0,0,0,0,0,0,0,0,0,0.5,0.5,0.5,0.5,0.5,0.5,0.5,0.5,0.5,0.5,0.5,0.5,0.5,0.5,0.5,0.5,0.5,0.5,0.5,0.5,0.5,0.5,0.5,0.5,0.5,0.5,0.5,0.5,0.5,0.5,0.5
0,0,0,0,0,0,0,0,0,0,0,0,0,0,0,0,0,0,0,0,0,0,0,0,0,0,0,0,0,0,0.018722775,0,0,0,0,0,0,0,0,0,0,0,0,0,0,0,0,0,0,0,0,0,0,0,0,0,0,0,0,0,0,0,0.058680612,0.271838688,0.196217108,0.321145828,0.378793768,0.406871593,0.161993199,0.065561396,0.097400908,0.124073804,0.261236093,0.135316668,0.365561324,0.195779936,0.256055438,0.219382174,0.161171656,0.187677366,0,0.15617402,0.099460398,0.173990536,0.333650023,0.158951365,0.053142228,0.482032907,0.485222109,0.308284685,0.139364008,0.470170182,0.416647191,0,0.323309079,0.153458077,0,0,0.385613227,0,0,0.229576124,0.360088921,0.430467244,0,0.617632221,0,0,0,0,0,0.104643674,0.104643674,0.229576124,0,0,0,0,0,0,0,0,0,0,0.5,0.5,0.5,0.5,0.5,0.5,0.5,0.5,0.5,0.5,0.5,0.5,0.5,0.5,0.5,0.5,0.5,0.5,0.5,0.5,0.5,0.5,0.5,0.5,0.5,0.5,0.5,0.5,0.5,0.5,0.5
0,0,0,0,0,0,0,0,0,0,0,0,0,0,0,0,0,0,0,0,0,0,0,0,0,0,0,0,0,0,0,0,0,0,0,0,0,0,0,0,0,0,0,0,0,0,0,0,0,0,0,0,0,0,0,0,0,0,0,0,0,0,0.04816129,0.282795963,0.19377085,0.309511627,0.377328558,0.418122929,0.158585531,0.079403325,0.097400908,0.134021358,0.250071443,0.109113382,0.353573548,0.179808071,0.264448695,0.180399774,0.156206902,0.1552044,0,0.142447171,0.12143785,0.188597252,0.278434142,0.181011284,0.048125328,0.427159556,0.464422693,0.277247255,0.315699176,0.496944223,0.365749178,0,0.303235312,0.182782712,0,0,0.37514026,0,0,0.182347295,0.393278106,0.408933352,0,0.617632221,0,0,0,0,0,0.129857617,0.129857617,0.182347295,0,0,0,0,0,0,0,0,0,0,0.5,0.5,0.5,0.5,0.5,0.5,0.5,0.5,0.5,0.5,0.5,0.5,0.5,0.5,0.5,0.5,0.5,0.5,0.5,0.5,0.5,0.5,0.5,0.5,0.5,0.5,0.5,0.5,0.5,0.5,0.5
0,0,0,0,0,0,0,0,0,0,0,0,0,0,0,0,0,0,0,0,0,0,0,0,0,0,0,0,0,0,0,0,0,0,0,0,0,0,0,0,0,0,0,0,0,0,0,0,0,0,0,0,0,0,0,0,0,0,0,0,0,0,0,0.387508171,0.260278931,0.387231005,0.609325009,0.248646782,0.170889829,0.552898268,0.108299472,0.161456276,0.343733599,0.295335729,0.397120437,0.203789627,0.177990337,0.322152302,0.430665727,0.333259822,0.3607354,0.208263611,0.383554374,0.087304344,0.288650958,0.287888028,0.257419417,0.396943647,0.059308717,0.534253542,0.194255117,0.069885934,0.237489301,0,0.325384578,0.186234252,0,0,0.834748684,0,0,0.208167124,0.274405789,0.849803369,0,0.85,0,0.85,0,0,0,0.625585415,0.625585415,0.208167124,0,0,0,0,0,0,0,0,0,0,0.5,0.5,0.5,0.5,0.5,0.5,0.5,0.5,0.5,0.5,0.5,0.5,0.5,0.5,0.5,0.5,0.5,0.5,0.5,0.5,0.5,0.5,0.5,0.5,0.5,0.5,0.5,0.5,0.5,0.5,0.5
0,0,0,0,0,0,0,0,0,0,0,0,0,0,0,0,0,0,0,0,0,0,0,0,0,0,0,0,0,0,0,0,0,0,0,0,0,0,0,0,0,0,0,0,0,0,0,0,0,0,0,0,0,0,0,0,0,0,0,0,0,0,0,0.473506659,0.336934404,0.391511566,0.618894391,0.234563817,0.177707966,0.521388507,0.108371095,0.150214697,0.339117321,0.316533454,0.424890391,0.242014909,0.161866192,0.307884671,0.441497737,0.331866393,0.35677955,0.167295973,0.398514551,0.070340646,0.287467611,0.276770935,0.257345713,0.419683736,0.038252009,0.542131692,0.244305109,0.083210319,0.257882017,0,0.453959473,0.109248501,0,0,0.823936901,0,0,0.215799571,0.237863623,0.849846184,0,0.85,0,0.85,0,0,0,0.625585415,0.625585415,0.215799571,0,0,0,0,0,0,0,0,0,0,0.5,0.5,0.5,0.5,0.5,0.5,0.5,0.5,0.5,0.5,0.5,0.5,0.5,0.5,0.5,0.5,0.5,0.5,0.5,0.5,0.5,0.5,0.5,0.5,0.5,0.5,0.5,0.5,0.5,0.5,0.5
0,0,0,0,0,0,0,0,0,0,0,0,0,0,0,0,0,0,0,0,0,0,0,0,0,0,0,0,0,0,0,0,0,0,0,0,0,0,0,0,0,0,0,0,0,0,0,0,0,0,0,0,0,0,0,0,0,0,0,0,0,0,0,0.489057761,0.348998556,0.393665852,0.62612274,0.231290924,0.186924884,0.506421178,0.108442667,0.143248917,0.354550847,0.341376081,0.417963826,0.261778248,0.142104181,0.28831354,0.418858743,0.285686712,0.347246153,0.132151058,0.404891842,0.053016808,0.280332702,0.260750619,0.241902399,0.417059901,0.032028808,0.533400823,0.255120348,0.085456821,0.270523569,0,0.583207818,0.067739483,0,0,0.794103587,0,0,0.223489109,0.203312664,0.848102862,0,0.85,0,0.85,0,0,0,0.625585415,0.625585415,0.223489109,0,0,0,0,0,0,0,0,0,0,0.5,0.5,0.5,0.5,0.5,0.5,0.5,0.5,0.5,0.5,0.5,0.5,0.5,0.5,0.5,0.5,0.5,0.5,0.5,0.5,0.5,0.5,0.5,0.5,0.5,0.5,0.5,0.5,0.5,0.5,0.5
0,0,0,0,0,0,0,0,0,0,0,0,0,0,0,0,0,0,0,0,0,0,0,0,0,0,0,0,0,0,0,0,0,0,0,0,0,0,0,0,0,0,0,0,0,0,0,0,0,0,0,0,0,0,0,0,0,0,0,0,0,0,0,0.459975199,0.361817247,0.395133137,0.616926956,0.247654714,0.191596518,0.513313692,0.102206316,0.14634722,0.3864319,0.367728993,0.385357145,0.277934342,0.151922773,0.258821733,0.434946486,0.217696977,0.343053859,0.11032323,0.42021482,0.038120063,0.29657099,0.271702121,0.220262826,0.42221532,0.029962278,0.524619883,0.2559521,0.101259995,0.271459575,0,0.636105507,0.05631627,0,0,0.758388249,0,0,0.249794197,0.164327086,0.837981633,0,0.85,0,0.85,0,0,0,0.62523127,0.62523127,0.249794197,0,0,0,0,0,0,0,0,0,0,0.5,0.5,0.5,0.5,0.5,0.5,0.5,0.5,0.5,0.5,0.5,0.5,0.5,0.5,0.5,0.5,0.5,0.5,0.5,0.5,0.5,0.5,0.5,0.5,0.5,0.5,0.5,0.5,0.5,0.5,0.5
0,0,0,0,0,0,0,0,0,0,0,0,0,0,0,0,0,0,0,0,0,0,0,0,0,0,0,0,0,0,0,0,0,0,0,0,0,0,0,0,0,0,0,0,0,0,0,0,0,0,0,0,0,0,0,0,0,0,0,0,0,0,0,0.445508987,0.413042818,0.393834569,0.607057715,0.264156561,0.18056047,0.513487522,0.082694231,0.154871615,0.373927737,0.385563004,0.354728526,0.309408528,0.161455244,0.234801864,0.489257293,0.146648307,0.339786996,0.094113016,0.430952654,0.031395095,0.321829694,0.275339156,0.187540683,0.439415034,0.025808164,0.516524001,0.269263896,0.13346541,0.300735649,0,0.609234618,0.15574325,0,0,0.728580752,0,0,0.258188699,0.130274529,0.788160328,0,0.85,0,0.85,0,0,0,0.62523127,0.62523127,0.258188699,0,0,0,0,0,0,0,0,0,0,0.5,0.5,0.5,0.5,0.5,0.5,0.5,0.5,0.5,0.5,0.5,0.5,0.5,0.5,0.5,0.5,0.5,0.5,0.5,0.5,0.5,0.5,0.5,0.5,0.5,0.5,0.5,0.5,0.5,0.5,0.5
0,0,0,0,0,0,0,0,0,0,0,0,0,0,0,0,0,0,0,0,0,0,0,0,0,0,0,0,0,0,0,0,0,0,0,0,0,0,0,0,0,0,0,0,0,0,0,0,0,0,0,0,0,0,0,0,0,0,0,0,0,0,0.006972329,0.387861887,0.4266561,0.39744987,0.588254314,0.226639274,0.165763877,0.505782122,0.002281456,0.175058153,0.350443547,0.397775315,0.327301095,0.312911682,0.205833698,0.228014004,0.532096009,0.111276833,0.329172212,0.093534527,0.435170157,0.031350907,0.324914058,0.314626714,0.172242468,0.481085815,0.023232391,0.505047366,0.278120727,0.164761617,0.299449315,0,0.595361901,0.281948815,0,0,0.680977961,0,0,0.286077419,0.098087732,0.700904999,0,0.849738691,0,0.849899231,0,0,0,0.651136215,0.651136215,0.286077419,0,0,0,0,0,0,0,0,0,0,0.5,0.5,0.5,0.5,0.5,0.5,0.5,0.5,0.5,0.5,0.5,0.5,0.5,0.5,0.5,0.5,0.5,0.5,0.5,0.5,0.5,0.5,0.5,0.5,0.5,0.5,0.5,0.5,0.5,0.5,0.5
0,0,0,0,0,0,0,0,0,0,0,0,0,0,0,0,0,0,0,0,0,0,0,0,0,0,0,0,0,0,0,0,0,0,0,0,0,0,0,0,0,0,0,0,0,0,0,0,0,0,0,0,0,0,0,0,0,0,0,0,0,0,0.093401992,0.326451238,0.457267689,0.403399062,0.564207962,0.193170639,0.163630909,0.491261263,0.028818276,0.216914695,0.28914117,0.392684147,0.279142492,0.314405011,0.237110163,0.227418445,0.531398442,0.103743298,0.309718329,0.124752627,0.404030268,0.030242216,0.283485501,0.413955859,0.184892425,0.480734811,0.042829841,0.490163599,0.252140194,0.193453393,0.283512013,0,0.59945576,0.255864714,0,0,0.625634455,0,0,0.294767875,0.095446023,0.605924945,0,0.843187042,0,0.847378579,0,0,0,0.646331839,0.646331839,0.294767875,0,0,0,0,0,0,0,0,0,0,0.5,0.5,0.5,0.5,0.5,0.5,0.5,0.5,0.5,0.5,0.5,0.5,0.5,0.5,0.5,0.5,0.5,0.5,0.5,0.5,0.5,0.5,0.5,0.5,0.5,0.5,0.5,0.5,0.5,0.5,0.5
0,0,0,0,0,0,0,0,0,0,0,0,0,0,0,0,0,0,0,0,0,0,0,0,0,0,0,0,0,0,0,0,0,0,0,0,0,0,0,0,0,0,0,0,0,0,0,0,0,0,0,0,0,0,0,0,0,0,0,0,0,0,0.192472333,0.311494257,0.544870465,0.400437166,0.529555617,0.187537225,0.177856786,0.458412133,0.076252861,0.29260985,0.243082605,0.392329246,0.249066285,0.318301643,0.311210578,0.2035136,0.508887603,0.124059749,0.254552553,0.162525201,0.336482921,0.021870641,0.266459274,0.428361217,0.226730177,0.360038853,0.087650416,0.48252812,0.241938873,0.225427225,0.239174594,0,0.579754801,0.232030645,0,0,0.593281256,0,0,0.316870604,0.156770094,0.546155931,0,0.826045018,0,0.846159279,0,0,0,0.604198017,0.604198017,0.316870604,0,0,0,0,0,0,0,0,0,0,0.5,0.5,0.5,0.5,0.5,0.5,0.5,0.5,0.5,0.5,0.5,0.5,0.5,0.5,0.5,0.5,0.5,0.5,0.5,0.5,0.5,0.5,0.5,0.5,0.5,0.5,0.5,0.5,0.5,0.5,0.5
0.009149316,0.021456135,0.002060205,0.00153576,0.006464269,0.05549974,0.056855825,0.040969105,0.145508317,0.080604341,0.143529904,0.071307347,0.138903505,0.084817814,0.054410752,0.009384442,0.039053175,0.043107691,0.094056507,0.035442327,0.059340506,0.002789936,0,0.005161994,0,0,0,0,0,0,0,0.006861987,0.015019294,0.002794751,0,0,0.084299155,0,0,0.109131238,0.093322106,0.105332703,0.064543069,0.110697198,0.080138469,0.018824943,0.005169965,0.03965614,0.046005783,0.046686489,0.0078977,0.056449277,0.002371331,0,0.00274688,0,0,0,0,0,0,0,0.242743467,0.305902321,0.59724793,0.397727132,0.509022481,0.186624001,0.186706295,0.439830033,0.100636027,0.334257935,0.220216409,0.389290484,0.234138532,0.320057816,0.35289749,0.189821153,0.492927754,0.137738907,0.218944342,0.18423574,0.296161733,0.016222416,0.259334888,0.427488835,0.252372443,0.278795222,0.112305165,0.481544635,0.241505113,0.24311415,0.207211974,0,0.567687821,0.219671315,0,0,0.5813052,0,0,0.334440972,0.193909982,0.519960963,0,0.815632757,0,0.846091134,0,0,0,0.579694422,0.579694422,0.334440972,0,0,0,0,0,0,0,0,0,0,0.5,0.5,0.5,0.5,0.5,0.5,0.5,0.5,0.5,0.5,0.5,0.5,0.5,0.5,0.5,0.5,0.5,0.5,0.5,0.5,0.5,0.5,0.5,0.5,0.5,0.5,0.5,0.5,0.5,0.5,0.5
0.216484526,0.225440934,0.196755907,0.198421948,0.154654916,0.325957987,0.332993793,0.245316015,0.358428591,0.300480301,0.354086653,0.287030505,0.331223427,0.284568696,0.286051726,0.191592701,0.246402085,0.230063345,0.281842447,0.211807959,0.250730532,0.126236411,0.093364988,0.151764009,0.079275582,0.022167357,0.152673883,0.028966393,0.018386556,0.110326227,0,0.162363394,0.157808654,0.152587469,0,0,0.321922374,0,0,0.268821443,0.253934072,0.271064648,0.23440685,0.265886866,0.241671587,0.176211221,0.135782111,0.204513964,0.197554689,0.192080377,0.136449292,0.202817033,0.107318252,0,0.104718606,0.076681447,0.017905657,0,0,0,0,0,0.314530147,0.285988302,0.689172059,0.392040291,0.472451491,0.184479232,0.197833605,0.411177124,0.13167872,0.396994185,0.182157328,0.379893945,0.205909059,0.307427301,0.416083579,0.156351335,0.455421534,0.154929825,0.15689393,0.21461474,0.224767781,0.005689735,0.237196424,0.426018451,0.280158585,0.126878265,0.144165655,0.474858945,0.239358169,0.266920964,0.144123411,0,0.539527984,0.186997334,0,0,0.544229858,0,0,0.36686046,0.241048458,0.469753356,0,0.807671235,0,0.844989822,0,0,0,0.542734395,0.542734395,0.36686046,0,0,0,0,0,0,0,0,0,0,0.5,0.5,0.5,0.5,0.5,0.5,0.5,0.5,0.5,0.5,0.5,0.5,0.5,0.5,0.5,0.5,0.5,0.5,0.5,0.5,0.5,0.5,0.5,0.5,0.5,0.5,0.5,0.5,0.5,0.5,0.5
0.420281543,0.364525285,0.419571559,0.421848039,0.410257759,0.532667289,0.580751956,0.45158039,0.49576903,0.449259897,0.495897734,0.43920889,0.476208639,0.434315494,0.444019549,0.364188206,0.407882226,0.380344311,0.430560045,0.36923515,0.414791706,0.26526447,0.313630548,0.329972316,0.174895759,0.213488813,0.35844469,0.189881208,0.19153903,0.350597929,0,0.315211157,0.2551677,0.30689121,0,0,0.465715058,0,0,0.371826772,0.360340537,0.381420507,0.355378355,0.380979952,0.359356535,0.301621974,0.265628796,0.331425142,0.320241863,0.309350702,0.267071825,0.328499762,0.225513609,0,0.218006083,0.16772488,0.15274118,0,0,0,0,0,0.233565605,0.190108082,0.757685526,0.370178191,0.481341487,0.175035041,0.239791902,0.511377039,0.13030027,0.419120449,0.155575891,0.397060829,0.231625922,0.295908933,0.453800243,0.138928441,0.472900706,0.204020256,0.122931962,0.251639617,0.217860693,0.000370762,0.175910909,0.416882979,0.244359173,0.044978165,0.131718581,0.406569144,0.217996346,0.260289653,0.076141416,0,0.494689934,0.136561191,0,0,0.518217486,0,0,0.378916281,0.227844062,0.401827359,0,0.810791304,0,0.834632886,0,0,0,0.528233626,0.528233626,0.378916281,0,0,0,0,0,0,0,0,0,0,0.5,0.5,0.5,0.5,0.5,0.5,0.5,0.5,0.5,0.5,0.5,0.5,0.5,0.5,0.5,0.5,0.5,0.5,0.5,0.5,0.5,0.5,0.5,0.5,0.5,0.5,0.5,0.5,0.5,0.5,0.5
0.543855367,0.47435295,0.551779081,0.574904985,0.582118479,0.625938813,0.678585845,0.519233618,0.582800977,0.545504372,0.587827948,0.541894443,0.574689495,0.538075018,0.545615357,0.485259832,0.520681508,0.488091798,0.535644841,0.487378604,0.540597385,0.392612051,0.476323156,0.461780873,0.309805807,0.410085238,0.508255343,0.427666128,0.350993299,0.531110364,0.064570631,0.407891525,0.332047065,0.411505734,0,0,0.533317028,0,0,0.437100732,0.428874767,0.453591202,0.436978858,0.458752019,0.439809991,0.384370732,0.357457504,0.420263822,0.409218262,0.393824255,0.367978393,0.423605794,0.33377812,0,0.297737373,0.289991303,0.314664814,0,0,0,0,0,0.084327391,0.193232245,0.79530027,0.351889911,0.500125181,0.207581429,0.235169832,0.611163759,0.115651124,0.377710585,0.151854299,0.399783613,0.255873406,0.290278307,0.425088414,0.180280846,0.549232006,0.300815975,0.096011301,0.238477995,0.216362351,0,0.168258539,0.329018481,0.229438995,0.038835079,0.096953121,0.320063843,0.185194983,0.19766969,0.066931306,0,0.391182967,0.127088431,0,0,0.516622014,0,0,0.358711772,0.178604732,0.368072693,0,0.798253309,0,0.830873744,0,0,0,0.514019463,0.514019463,0.358711772,0,0,0,0,0,0,0,0,0,0,0.5,0.5,0.5,0.5,0.5,0.5,0.5,0.5,0.5,0.5,0.5,0.5,0.5,0.5,0.5,0.5,0.5,0.5,0.5,0.5,0.5,0.5,0.5,0.5,0.5,0.5,0.5,0.5,0.5,0.5,0.5
0.607717736,0.558786688,0.619538593,0.664917099,0.685725171,0.612879381,0.705911172,0.531343355,0.617597696,0.589857883,0.627751393,0.594128059,0.622686622,0.59374726,0.592512564,0.55687051,0.584827103,0.551410274,0.593441013,0.559229678,0.619788809,0.517584148,0.578978086,0.539744338,0.439261845,0.558649802,0.60312958,0.593433203,0.5041782,0.652241676,0.266153264,0.455788302,0.391150681,0.470569891,0,0,0.549443197,0,0,0.463198272,0.45789559,0.485452579,0.478796828,0.495911195,0.48165392,0.42798278,0.412045265,0.470569106,0.461458711,0.443184855,0.429281805,0.482676911,0.440038171,0,0.333046574,0.402406781,0.440142321,0,0,0,0,0,0,0.167650887,0.794262095,0.364649281,0.499667694,0.259923606,0.22093909,0.636435355,0.096489277,0.334398767,0.153979317,0.370703201,0.263801337,0.26181948,0.378196619,0.232448257,0.553182903,0.333780381,0.099533418,0.23369245,0.193837106,0,0.147273114,0.229748942,0.249241806,0.068010327,0.051821561,0.28891559,0.216936971,0.204998431,0.035961646,0,0.301400402,0.147397401,0,0,0.515801656,0,0,0.326649062,0.156189115,0.357173367,0,0.767209507,0,0.827524917,0,0,0,0.465123516,0.465123516,0.326649062,0,0,0,0,0,0,0,0,0,0,0.5,0.5,0.5,0.5,0.5,0.5,0.5,0.5,0.5,0.5,0.5,0.5,0.5,0.5,0.5,0.5,0.5,0.5,0.5,0.5,0.5,0.5,0.5,0.5,0.5,0.5,0.5,0.5,0.5,0.5,0.5
0.610017787,0.578691145,0.62613277,0.692681666,0.719689224,0.562787874,0.655328117,0.483720745,0.598170011,0.580326089,0.613515902,0.593747583,0.619163876,0.598824537,0.583830061,0.576716311,0.598006904,0.567343723,0.601802773,0.578318992,0.648465328,0.548560596,0.621095648,0.565560158,0.474169365,0.656169979,0.641977159,0.640593119,0.641500895,0.713164786,0.441219199,0.45751334,0.405083802,0.483569226,0,0,0.513649972,0,0,0.448627508,0.446694804,0.475196218,0.478402783,0.491542996,0.482552681,0.430856059,0.428366584,0.480929697,0.475060453,0.455291038,0.440689825,0.502254205,0.466377189,0,0.323829877,0.414855033,0.519845735,0,0,0,0,0,0,0.135682692,0.808110562,0.380976555,0.50384492,0.298926739,0.219534832,0.642726967,0.109013395,0.313814594,0.171362001,0.353793438,0.277993415,0.255232337,0.376092967,0.266221114,0.566914227,0.336563526,0.11779574,0.248563176,0.194966608,0,0.114625948,0.139872322,0.299386566,0.081789187,0.046544419,0.345186523,0.31165358,0.215640046,0.048589536,0,0.224533417,0.147046201,0,0,0.477013152,0,0,0.297563226,0.128590679,0.387248118,0,0.750159126,0,0.817288193,0,0,0,0.417658596,0.417658596,0.297563226,0,0,0,0,0,0,0,0,0,0,0.5,0.5,0.5,0.5,0.5,0.5,0.5,0.5,0.5,0.5,0.5,0.5,0.5,0.5,0.5,0.5,0.5,0.5,0.5,0.5,0.5,0.5,0.5,0.5,0.5,0.5,0.5,0.5,0.5,0.5,0.5
0.555683757,0.521488076,0.576960285,0.661525556,0.690315081,0.486303879,0.534559517,0.38534801,0.526129115,0.519185707,0.546898753,0.543657208,0.565656038,0.554993001,0.521780524,0.547965375,0.562646425,0.538227323,0.562008688,0.535103512,0.625995388,0.535586182,0.647334532,0.524691453,0.440419971,0.681845861,0.628930548,0.622583828,0.647581208,0.718380556,0.630543599,0.416762818,0.365041653,0.452225801,0,0,0.426815854,0,0,0.394596836,0.396319158,0.42407222,0.43833016,0.446889332,0.443758254,0.394832457,0.408486304,0.452322848,0.451348591,0.430919984,0.377568701,0.482027088,0.455356214,0,0.311469848,0.369702343,0.549569465,0,0,0,0,0,0,0.100115214,0.803962536,0.393216945,0.493878525,0.320133265,0.224231599,0.618630929,0.12921202,0.327989079,0.194509797,0.343759905,0.304657847,0.253713357,0.401925828,0.258161898,0.573519561,0.349780333,0.124076604,0.272152723,0.225396406,0,0.108964364,0.104946615,0.373720238,0.111755577,0.049034685,0.361125758,0.360409343,0.191971734,0.048269832,0,0.145135754,0.126136843,0,0,0.4031932,0,0,0.26835446,0.121883924,0.430165559,0,0.749665739,0,0.786027937,0,0,0,0.372222219,0.372222219,0.26835446,0,0,0,0,0,0,0,0,0,0,0.5,0.5,0.5,0.5,0.5,0.5,0.5,0.5,0.5,0.5,0.5,0.5,0.5,0.5,0.5,0.5,0.5,0.5,0.5,0.5,0.5,0.5,0.5,0.5,0.5,0.5,0.5,0.5,0.5,0.5,0.5
0.396337534,0.407479128,0.445060271,0.568153398,0.566041017,0.318399062,0.276434549,0.163200302,0.406086876,0.410435244,0.432659522,0.447990422,0.467346746,0.467413136,0.409552491,0.476726932,0.483726704,0.468153552,0.478544374,0.458520017,0.55642223,0.484629423,0.618482795,0.460199331,0.403665644,0.681351636,0.574045336,0.551672832,0.595184985,0.682917485,0.658376894,0.29725315,0.285235389,0.38006729,0,0,0.266471873,0,0,0.304565157,0.309925447,0.336077391,0.361301455,0.366034206,0.369075781,0.323225851,0.356891741,0.388846665,0.393665277,0.37380702,0.302590001,0.425121045,0.412053968,0,0.253278665,0.341006158,0.524471171,0,0,0,0,0,0,0.079736354,0.794155591,0.35560951,0.461041235,0.319883591,0.239607406,0.542473677,0.143122777,0.332710837,0.219929201,0.345200338,0.368494561,0.249263154,0.433727908,0.242045085,0.579658194,0.353562742,0.1275852,0.285713724,0.262973882,0,0.150232043,0.079095497,0.467821255,0.159287102,0.054204555,0.316211268,0.35563912,0.20796182,0.056087514,0,0.069214259,0.094423622,0,0,0.379146869,0,0,0.251186516,0.115767677,0.429926857,0,0.740804403,0,0.740295453,0,0,0,0.319498416,0.319498416,0.251186516,0,0,0,0,0,0,0,0,0,0,0.5,0.5,0.5,0.5,0.5,0.5,0.5,0.5,0.5,0.5,0.5,0.5,0.5,0.5,0.5,0.5,0.5,0.5,0.5,0.5,0.5,0.5,0.5,0.5,0.5,0.5,0.5,0.5,0.5,0.5,0.5
0.133192133,0.152380255,0.179122726,0.287121125,0.268416118,0.065907924,0.024982514,0.002723813,0.20360958,0.203784393,0.243585262,0.264336877,0.323515064,0.321304928,0.175513532,0.28266861,0.319361293,0.346499455,0.357876454,0.344943838,0.450148904,0.35254821,0.482744467,0.376012819,0.313189361,0.636953468,0.351956842,0.352104418,0.419549235,0.425898413,0.634854414,0.0998941,0.106666179,0.170532603,0,0,0.042110464,0,0,0.152707185,0.161368906,0.18706563,0.220422402,0.244801793,0.245816567,0.156602786,0.210239635,0.268347735,0.305085018,0.286679631,0.191988202,0.340096974,0.299700318,0,0.212312611,0.236594449,0.432802503,0,0,0,0,0,0,0.057058652,0.739901936,0.250892989,0.402757985,0.267660605,0.212189227,0.400677547,0.165243028,0.237918966,0.23108707,0.322738228,0.421202271,0.249847158,0.400300499,0.213978778,0.564304385,0.353545241,0.127555366,0.291925188,0.288385344,0,0.160279145,0.075713881,0.523647436,0.232073762,0.057264486,0.295438514,0.337755288,0.277549269,0.045124921,0,0,0.082213907,0,0,0.402718974,0,0,0.242373254,0.096809615,0.386416869,0,0.773064593,0,0.696698318,0,0,0,0.263039252,0.263039252,0.242373254,0,0,0,0,0,0,0,0,0,0,0.5,0.5,0.5,0.5,0.5,0.5,0.5,0.5,0.5,0.5,0.5,0.5,0.5,0.5,0.5,0.5,0.5,0.5,0.5,0.5,0.5,0.5,0.5,0.5,0.5,0.5,0.5,0.5,0.5,0.5,0.5
0,0.000833872,0.009653064,0.037177501,0.044344038,0,0,0,0.007859345,0.014319077,0.024495034,0.039588865,0.085341532,0.090231355,0.008172218,0.054750314,0.069668692,0.126454346,0.127267676,0.167405597,0.241761263,0.097227485,0.16533791,0.191117621,0.213782899,0.346577276,0.079413761,0.127065031,0.182245859,0.103951514,0.569249572,0,0.000583711,0.014961917,0,0,0,0,0,0.005894509,0.010837628,0.017631068,0.036213321,0.056870553,0.06036801,0.015229823,0.041237918,0.080891609,0.121714226,0.111486489,0.121186145,0.173209879,0.082643362,0,0.111801412,0.140656942,0.206503757,0,0,0,0,0,0,0.057160326,0.659167169,0.140802388,0.363633728,0.220875242,0.190516153,0.330848985,0.197224084,0.130058559,0.220381183,0.28157355,0.431003975,0.259297527,0.409566064,0.193765469,0.487014482,0.35221627,0.11425619,0.284287968,0.295503445,0,0.184522066,0.085662196,0.551623729,0.243468159,0.063388996,0.271124095,0.30145698,0.339933107,0.025811285,0,0,0.100759789,0,0,0.379146869,0,0,0.224716301,0.073645057,0.317070767,0,0.806288547,0,0.674470066,0,0,0,0.22869846,0.22869846,0.224716301,0,0,0,0,0,0,0,0,0,0,0.5,0.5,0.5,0.5,0.5,0.5,0.5,0.5,0.5,0.5,0.5,0.5,0.5,0.5,0.5,0.5,0.5,0.5,0.5,0.5,0.5,0.5,0.5,0.5,0.5,0.5,0.5,0.5,0.5,0.5,0.5
0,0,0,0,0,0,0,0,0,0,0,0,0,0,0,0,0,0,0,0.012983528,0.035939494,0,0.030842847,0.028518709,0.060074027,0.13535267,0,0.031269857,0.058417783,0,0.392686162,0,0,0,0,0,0,0,0,0,0,0,0,0,0,0,0,0,0,0,0.020106142,0.018189427,0,0,0.025680063,0.045682148,0.088347087,0,0,0,0,0,0,0.063087819,0.572373723,0.096036175,0.342921729,0.176375493,0.183616504,0.323895599,0.242888068,0.117990517,0.207959676,0.257822634,0.416653534,0.267880714,0.462046148,0.206124599,0.429520412,0.348781225,0.099246129,0.221121107,0.259179165,0,0.180355151,0.093207403,0.555427276,0.181634769,0.051714228,0.231097109,0.174840543,0.373773658,0,0,0,0.132779659,0,0,0.357850081,0,0,0.193607442,0,0.288405105,0,0.817007362,0,0.624317457,0,0,0,0.197081619,0.197081619,0.193607442,0,0,0,0,0,0,0,0,0,0,0.5,0.5,0.5,0.5,0.5,0.5,0.5,0.5,0.5,0.5,0.5,0.5,0.5,0.5,0.5,0.5,0.5,0.5,0.5,0.5,0.5,0.5,0.5,0.5,0.5,0.5,0.5,0.5,0.5,0.5,0.5
0,0,0,0,0,0,0,0,0,0,0,0,0,0,0,0,0,0,0,0,0,0,0,0,0,0.013789374,0,0,0,0,0.214756812,0,0,0,0,0,0,0,0,0,0,0,0,0,0,0,0,0,0,0,0,0,0,0,0,0,0.000946681,0,0,0,0,0,0,0.068886182,0.515314664,0.136810412,0.342921729,0.13802075,0.188309012,0.328306351,0.314248986,0.139041079,0.216652304,0.249520227,0.380732704,0.318711722,0.488326726,0.236662001,0.422479368,0.347815416,0.085031952,0.198767868,0.242728727,0.070340646,0.176024832,0.125497088,0.541042671,0.130206796,0.036659296,0.263895691,0.154109664,0.364881156,0,0,0,0.16717693,0,0,0.34684156,0,0,0.171245813,0,0.326328382,0,0.820711952,0,0.561982504,0,0,0,0.181357261,0.181357261,0.171245813,0,0,0,0,0,0,0,0,0,0,0.5,0.5,0.5,0.5,0.5,0.5,0.5,0.5,0.5,0.5,0.5,0.5,0.5,0.5,0.5,0.5,0.5,0.5,0.5,0.5,0.5,0.5,0.5,0.5,0.5,0.5,0.5,0.5,0.5,0.5,0.5
0,0,0,0,0,0,0,0,0,0,0,0,0,0,0,0,0,0,0,0,0,0,0,0,0,0,0,0,0,0,0.103018453,0,0,0,0,0,0,0,0,0,0,0,0,0,0,0,0,0,0,0,0,0,0,0,0,0,0,0,0,0,0,0,0,0.080551258,0.50978629,0.193434122,0.341877789,0.125336261,0.206190554,0.365593816,0.348576764,0.127842404,0.239490424,0.257157981,0.343687707,0.386023076,0.52273114,0.315143928,0.434923454,0.351102271,0.071823135,0.208026734,0.264520409,0.161071301,0.174753851,0.131473755,0.525093902,0.078455548,0.038935226,0.311360016,0.137551483,0.376053075,0,0,0,0.190477609,0,0,0.31472875,0,0,0.177926469,0,0.418956075,0,0.817572924,0,0.536771469,0,0,0,0.153849161,0.153849161,0.177926469,0,0,0,0,0,0,0,0,0,0,0.5,0.5,0.5,0.5,0.5,0.5,0.5,0.5,0.5,0.5,0.5,0.5,0.5,0.5,0.5,0.5,0.5,0.5,0.5,0.5,0.5,0.5,0.5,0.5,0.5,0.5,0.5,0.5,0.5,0.5,0.5
0,0,0,0,0,0,0,0,0,0,0,0,0,0,0,0,0,0,0,0,0,0,0,0,0,0,0,0,0,0,0.002286071,0,0,0,0,0,0,0,0,0,0,0,0,0,0,0,0,0,0,0,0,0,0,0,0,0,0,0,0,0,0,0,0,0.074520821,0.530131392,0.234979095,0.339089083,0.114513516,0.223773632,0.390010468,0.325805086,0.13209083,0.259720628,0.249352805,0.33295117,0.420988448,0.529123781,0.359752629,0.47474178,0.40345226,0.066055384,0.206773724,0.257839446,0.297778762,0.194116276,0.132764651,0.51665705,0.0617276,0.0577589,0.323300321,0.152367833,0.433880587,0,0,0,0.23205217,0,0,0.295388063,0,0,0.201450069,0,0.50963363,0,0.81080433,0,0.536771469,0,0,0,0.146913315,0.146913315,0.201450069,0,0,0,0,0,0,0,0,0,0,0.5,0.5,0.5,0.5,0.5,0.5,0.5,0.5,0.5,0.5,0.5,0.5,0.5,0.5,0.5,0.5,0.5,0.5,0.5,0.5,0.5,0.5,0.5,0.5,0.5,0.5,0.5,0.5,0.5,0.5,0.5
0,0,0,0,0,0,0,0,0,0,0,0,0,0,0,0,0,0,0,0,0,0,0,0,0,0,0,0,0,0,0,0,0,0,0,0,0,0,0,0,0,0,0,0,0,0,0,0,0,0,0,0,0,0,0,0,0,0,0,0,0,0,0.073378635,0.057767145,0.564710342,0.266416796,0.33284707,0.110980746,0.219371662,0.386173652,0.28309201,0.12530087,0.268495771,0.210855998,0.329641472,0.416115721,0.522150509,0.356395493,0.471703975,0.449856509,0.109727078,0.189149564,0.242529815,0.395167345,0.201658743,0.115706005,0.50262188,0.061789773,0.095048531,0.318089625,0.166944741,0.452213383,0,0,0,0.287704388,0,0,0.32487831,0,0,0.21682307,0,0.545848194,0,0.791155304,0,0.524240635,0,0,0,0.18148119,0.18148119,0.21682307,0,0,0,0,0,0,0,0,0,0,0.5,0.5,0.5,0.5,0.5,0.5,0.5,0.5,0.5,0.5,0.5,0.5,0.5,0.5,0.5,0.5,0.5,0.5,0.5,0.5,0.5,0.5,0.5,0.5,0.5,0.5,0.5,0.5,0.5,0.5,0.5
0,0,0,0,0,0,0,0,0,0,0,0,0,0,0,0,0,0,0,0,0,0,0,0,0,0,0,0,0,0,0,0,0,0,0,0,0,0,0,0,0,0,0,0,0,0,0,0,0,0,0,0,0,0,0,0,0,0,0,0,0,0,0.122907215,0,0.549441158,0.311510613,0.325089894,0.113649283,0.196623415,0.340426607,0.224796985,0.128989584,0.269562941,0.166547671,0.317288039,0.370682972,0.52371318,0.357477758,0.49700706,0.470926635,0.142344115,0.161768417,0.229932173,0.485953301,0.170173028,0.11197857,0.485728758,0.057078941,0.113814545,0.318304297,0.183605253,0.473634757,0,0,0,0.328123739,0,0,0.357447864,0,0,0.242373254,0,0.533505349,0,0.768602581,0,0.486659418,0,0,0,0.246226405,0.246226405,0.242373254,0,0,0,0,0,0,0,0,0,0,0.5,0.5,0.5,0.5,0.5,0.5,0.5,0.5,0.5,0.5,0.5,0.5,0.5,0.5,0.5,0.5,0.5,0.5,0.5,0.5,0.5,0.5,0.5,0.5,0.5,0.5,0.5,0.5,0.5,0.5,0.5
