type,Investment,FixedOM,Fuel,VariableOM,Startup,NonServedDemand,UnmetPolicyPenalty,Total
ThermalAmmoniaCCS{Coal},13739.761977201884,61832.55981595511,213786.7967359683,0.0,0.0,0.0,0.0,289359.1185291253
ThermalAmmoniaCCS{NaturalGas},21675.230755635665,43390.09214419373,271251.3951305759,0.0,0.0,0.0,0.0,336316.71803040535
ThermalMethanolCCS{Coal},13607.553996802197,79848.1548333037,478437.64278882364,0.0,0.0,0.0,0.0,571893.3516189295
ThermalMethanolCCS{NaturalGas},3847.8369789210883,9.82203618722966e7,9.824372701110902e8,0.0,0.0,0.0,0.0,1.0806614798203657e9
Steelmaking,1192.2003014952636,8.989414803980412e10,4.317096740279288e11,0.0,0.0,0.0,0.0,5.216038232599332e11
AluminaPlant{NaturalGas},95.40213142644969,1.028590704256934e11,5.053620650922453e10,4.408245875386864e10,0.0,0.0,0.0,1.9747773578418872e11
OneWayTransmissionLink{Aluminum},0.0,0.0,0.0,5.022053589840399e9,0.0,0.0,0.0,5.022053589840399e9
AluminumRefining,6.812188705273694e9,1.0246193552053078e10,4.783905076980448e11,2.628587768682419e10,0.0,0.0,0.0,5.217347676421958e11
OneWayTransmissionLink{AluminumScrap},0.0,0.0,1.8631359007258377e11,1.9839608529231036e9,0.0,0.0,0.0,1.8829755092550687e11
AluminumSmelting,84.99048119915173,2.7277210291975224e10,3.9531898045517876e10,7.262156085398838e9,0.0,0.0,0.0,7.407126450788242e10
ThermalAmmonia{Coal},408.2367965271887,8.748063616505232e9,4.6570581574138824e10,0.0,0.0,0.0,0.0,5.531864559888085e10
ThermalAmmonia{CokingOvenGas},0.0,16834.236051191136,3921.7122294995015,0.0,0.0,0.0,0.0,20755.948280690638
ThermalAmmonia{NaturalGas},535.8169673257293,1.3424365500655217e9,1.4831499153775406e10,0.0,0.0,0.0,0.0,1.6173936239657894e10
SyntheticAmmonia,314.68435545017957,936974.331755889,0.0,0.0,0.0,0.0,0.0,937289.0161113392
OneWayTransmissionLink{Ammonia},0.0,0.0,0.0,5.228035362730366e9,0.0,0.0,0.0,5.228035362730366e9
CementPlant{Coal},1333.909939297867,5.3285547648976296e7,1.5761988578461713e11,7.882324490491551e10,0.0,0.0,0.0,2.3649641757109155e11
OneWayTransmissionLink{Cement},0.0,0.0,0.0,5.442355839676132e8,0.0,0.0,0.0,5.442355839676132e8
OneWayTransmissionLink{CrudeSteel},0.0,0.0,0.0,3.0126834069056953e10,0.0,0.0,0.0,3.0126834069056953e10
OneWayTransmissionLink{DRI},0.0,0.0,0.0,495207.29286680365,0.0,0.0,0.0,495207.29286680365
DRIMaking,1503.2852243671362,4.353736185948642e9,2.2011249655192055e10,0.0,0.0,0.0,0.0,2.636498734442592e10
ThermalMethanol{Coal},1.7096752922528551e6,9.298222463260653e9,6.324930432547622e10,0.0,0.0,0.0,0.0,7.254923646402913e10
ThermalMethanol{CokingOvenGas},0.0,48578.27815759592,13116.986345022588,0.0,0.0,0.0,0.0,61695.26450261851
ThermalMethanol{NaturalGas},0.0,8.304712249258912e8,1.0137333086520208e10,0.0,0.0,0.0,0.0,1.09678043114461e10
SyntheticMethanol,375569.681026912,2.9964559323042757e6,0.0,0.0,0.0,0.0,0.0,3.3720256133311875e6
OneWayTransmissionLink{Methanol},0.0,0.0,0.0,1.6777535908199465e9,0.0,0.0,0.0,1.6777535908199465e9
OneWayTransmissionLink{SteelScrap},0.0,0.0,8.768185538822938e8,3.74482014394871e7,0.0,0.0,0.0,9.142667553217809e8
ThermalPower{Coal},93.79059954024333,5.3238660664794624e10,4.1125300815432355e11,7.411819990665036e10,46353.08389038937,0.0,0.0,5.3860991517264294e11
ThermalPower{NaturalGas},198.50067958320867,1.0790689796155264e10,7.048578627312631e10,5.166493587344164e9,1.2399783906556556e9,0.0,0.0,8.768294824578207e10
ThermalPowerCCS{Coal},470.92490798812946,48236.27689313753,264494.8349074133,57791.8540504535,27609.43875965543,0.0,0.0,398603.32951864786
ThermalPowerCCS{NaturalGas},518.5308226425999,35251.09490238157,175281.81907854148,21609.00324884591,18660.89468080505,0.0,0.0,251321.3427332166
ThermalPower{Uranium},0.0,1.207899231846997e10,1.834986823741756e10,4.590872727195795e9,0.0,0.0,0.0,3.501973328308333e10
BECCSElectricity,8.314068799904684e9,2.9185945066889505e9,6.7011716733180695e10,0.0,0.0,0.0,0.0,7.824438003977432e10
HydroRes,0.0,8.321467129060263e10,0.0,0.0,0.0,0.0,0.0,8.321467129060263e10
VRE{Generic},2.1710178604720894e12,3.094345906181377e11,0.0,0.0,0.0,0.0,0.0,2.480452451090227e12
Electrolyzer,1.5978523821569386e9,3.6890453726545167e8,0.0,0.0,0.0,0.0,0.0,1.9667569194223902e9
ThermalHydrogen{NaturalGas},1.4159482865307064e9,2.862693759087836e9,3.7756207774761734e10,2.258695193988395e9,3.6380700583361317e6,0.0,0.0,4.429718308442701e10
ThermalHydrogenCCS{NaturalGas},36964.183017923286,79323.13605467552,353552.7853643543,57550.738401336814,740.3476349634844,0.0,0.0,528131.1904732534
ThermalHydrogen{Coal},110.80660080684295,4.423011433988203e9,9.196605820029673e9,1.9845668635877473e9,345324.01554328745,0.0,0.0,1.5604529552427767e10
ThermalHydrogenCCS{Coal},61686.02873968473,119170.52973116151,193666.19312838564,49208.37025976926,368.5055922246904,0.0,0.0,424099.6274512258
OneWayTransmissionLink{Electricity},2.7021674798018135e10,1.0291621432608852e10,0.0,0.0,0.0,0.0,0.0,3.731329623062698e10
Battery,5.094946086682823e9,1.366508209047755e10,0.0,2.344016642551937e8,0.0,0.0,0.0,1.8994429841415565e10
GasStorage{Hydrogen},1.2449504103139443e7,1.4770463162391484e6,0.0,0.0,0.0,0.0,0.0,1.3926550419378592e7
TransmissionLink{Electricity},3.04385192488331e10,7.958467817428306e9,0.0,0.0,0.0,0.0,0.0,3.8396987066261406e10
CO2Injection,2035.8944799175315,702720.7352335118,0.0,0.0,0.0,0.0,0.0,704756.6297134293
OneWayTransmissionLink{CO2Captured},7080.929551561639,93440.83390290724,0.0,0.0,0.0,0.0,0.0,100521.76345446888
Node{Electricity},0.0,0.0,0.0,0.0,0.0,104893.09519598953,0.0,104893.09519598953
Node{Hydrogen},0.0,0.0,0.0,0.0,0.0,27550.41958653904,0.0,27550.41958653904
Node{CO2},0.0,0.0,0.0,0.0,0.0,0.0,17622.560322797206,17622.560322797206
Total,2.2517277610270654e12,7.662537776279667e11,2.1168161462600183e12,2.8942796999206555e11,1.2440555170000927e9,132443.51478252857,17622.560322797206,5.425469860490191e12
