type,Investment,FixedOM,Fuel,VariableOM,Startup,NonServedDemand,Total
ThermalAmmoniaCCS{Coal},46407.03640985262,16950.923817690822,48152.24334969942,0.0,0.0,0.0,111510.20357724286
ThermalAmmoniaCCS{NaturalGas},30253.75314919388,9587.917917420162,40434.48082308269,0.0,0.0,0.0,80276.15188969673
ThermalMethanolCCS{Coal},58134.05418390584,21927.910680456534,117375.06233262124,0.0,0.0,0.0,197437.02719698363
ThermalMethanolCCS{NaturalGas},3.350049679879518e8,6.938213150212148e7,6.945033360851704e8,0.0,0.0,0.0,1.0988904355752437e9
Steelmaking,398.2460791103544,7.405180264916136e10,3.605792790738337e11,0.0,0.0,0.0,4.346310821212411e11
AluminaPlant{NaturalGas},3.6802391759845985e10,1.1879677468200317e11,5.963288582318817e10,5.091290343514416e10,0.0,0.0,2.661449557001815e11
OneWayTransmissionLink{Aluminum},0.0,0.0,0.0,3.5692516312264504e9,0.0,0.0,3.5692516312264504e9
AluminumRefining,8.805120368535718e8,3.7710246634530153e9,1.760675702763447e11,9.67429441518419e9,0.0,0.0,1.9039340139183548e11
OneWayTransmissionLink{AluminumScrap},0.0,0.0,5.030349898918982e10,5.583106298822883e8,0.0,0.0,5.0861809619072105e10
AluminumSmelting,4.1608432203515744e9,3.1503732108485832e10,4.565724700242114e10,8.387405375259561e9,0.0,0.0,8.970922770651811e10
ThermalAmmonia{Coal},2.41190179017281e9,6.1000981643960085e9,3.244987986866365e10,0.0,0.0,0.0,4.096187982323247e10
ThermalAmmonia{CokingOvenGas},0.0,3992.1045506210357,1448.2518764247861,0.0,0.0,0.0,5440.356427045822
ThermalAmmonia{NaturalGas},1.1287747500453053e9,9.708364902690039e8,1.0777876688034752e10,0.0,0.0,0.0,1.287748792834906e10
SyntheticAmmonia,20663.98350548156,4157.720973271464,0.0,0.0,0.0,0.0,24821.704478753025
OneWayTransmissionLink{Ammonia},0.0,0.0,0.0,3.4058303737735157e9,0.0,0.0,3.4058303737735157e9
CementPlant{Coal},66.96494161827749,4.217849971056151e7,1.2498599657952382e11,6.239301870380976e10,0.0,0.0,1.874211938500091e11
OneWayTransmissionLink{Cement},0.0,0.0,0.0,2.2270203965262895e9,0.0,0.0,2.2270203965262895e9
OneWayTransmissionLink{CrudeSteel},0.0,0.0,0.0,3.3612398290525555e10,0.0,0.0,3.3612398290525555e10
OneWayTransmissionLink{DRI},0.0,0.0,0.0,220986.24953606474,0.0,0.0,220986.24953606474
DRIMaking,1.1139778872462893e10,2.9516970548824935e9,1.50626182158605e10,0.0,0.0,0.0,2.9154094143205887e10
ThermalMethanol{Coal},1.1027054525390629e10,6.428079173440907e9,4.335460475316657e10,0.0,0.0,0.0,6.080973845199811e10
ThermalMethanol{CokingOvenGas},0.0,12673.821462472546,4887.112163958146,0.0,0.0,0.0,17560.93362643069
ThermalMethanol{NaturalGas},0.0,5.741813597381262e8,7.001112636369998e9,0.0,0.0,0.0,7.575293996108124e9
SyntheticMethanol,1.0224237258012421e7,2.0574285358316929e6,0.0,0.0,0.0,0.0,1.2281665793844115e7
OneWayTransmissionLink{Methanol},0.0,0.0,0.0,1.5311433966625178e9,0.0,0.0,1.5311433966625178e9
OneWayTransmissionLink{SteelScrap},0.0,0.0,6.051470347184412e8,2.5764711564842917e7,0.0,0.0,6.309117462832842e8
ThermalPower{Coal},5.0670932679970924e10,5.28257111626885e10,5.797271749933506e11,1.1251000032934282e11,13895.061966595478,0.0,7.957338330604148e11
ThermalPower{NaturalGas},13816.135937423223,3.3973513891270113e8,9.94595816141457e8,8.400415238707788e7,1.1564239476052314e7,0.0,1.4299131630532255e9
ThermalPowerCCS{Coal},41175.04267869909,12274.913846211932,53755.50643474027,10750.800124491458,8702.327256584987,0.0,126658.59034072774
ThermalPowerCCS{NaturalGas},39558.34465810614,11792.949647693718,48591.78455661339,5973.178018387965,7156.874292679401,0.0,113073.13117348062
ThermalPower{Uranium},0.0,8.82390128033058e9,1.2686765863768818e10,3.174046082877574e9,0.0,0.0,2.468471322697697e10
BECCSElectricity,14270.807323859888,7.741825375931034e8,1.3495392730563812e10,0.0,0.0,0.0,1.426958953896424e10
HydroRes,0.0,5.753311341825466e10,0.0,0.0,0.0,0.0,5.753311341825466e10
VRE{Generic},4.5085846509495844e11,1.1499622363986057e11,0.0,0.0,0.0,0.0,5.65854688734819e11
Electrolyzer,9361.926299933128,7843.6478623832345,0.0,0.0,0.0,0.0,17205.574162316363
ThermalHydrogen{NaturalGas},3.3990867715689516e8,1.019976421150129e9,1.4422204380534557e10,8.892245308859267e8,1424.7742909786514,0.0,1.6671315434501799e10
ThermalHydrogenCCS{NaturalGas},49573.01370663464,18300.083955512386,65085.78221533863,10611.096303944547,231.86080830949538,0.0,143801.83698973968
ThermalHydrogen{Coal},3416.243722819287,7.375766852466968e9,1.6911663193512371e10,3.3511794963197765e9,484.17116292690025,0.0,2.7638613442714e10
ThermalHydrogenCCS{Coal},61385.188448067725,26422.71615163853,35842.10696809652,9153.37066087691,130.5054958680651,0.0,132933.88772454776
OneWayTransmissionLink{Electricity},2.830887763671581e10,6.111852040922383e9,0.0,0.0,0.0,0.0,3.442072967763819e10
Battery,6.280817717024503e8,3.941835169456852e9,0.0,8.290698111545309e6,0.0,0.0,4.578207639270847e9
GasStorage{Hydrogen},42755.362737124444,10147.27507758592,0.0,0.0,0.0,0.0,52902.63781471037
TransmissionLink{Electricity},1.8182085987091248e10,4.539883303008411e9,0.0,0.0,0.0,0.0,2.272196929009966e10
CO2Injection,1.6286289573614688e6,479703.5753116063,0.0,0.0,0.0,0.0,2.108332532673075e6
OneWayTransmissionLink{CO2Captured},1.270698148521731e7,2.293834735778978e6,0.0,0.0,0.0,0.0,1.5000816220996289e7
Node{Electricity},0.0,0.0,0.0,0.0,0.0,45450.89404859195,45450.89404859195
Node{Hydrogen},0.0,0.0,0.0,0.0,0.0,10664.45502470005,10664.45502470005
Total,6.16899604854511e11,5.035469549805204e11,1.5654104328276028e12,2.9631434412417847e11,1.1596265051326258e7,56115.349073292,2.982182989167213e12
