period,province,region_num,province_label,category,cost_usd,production_tons_annual,status,cost_per_ton
1,Region1Beijing,1,Beijing,Investment,2011.4418658747843,55801188.92812134,ok,3.604657722375349e-05
1,Region1Beijing,1,Beijing,Fixed O&M,5022107003.530921,55801188.92812134,ok,90.0
1,Region1Beijing,1,Beijing,Variable O&M,0.0,55801188.92812134,ok,0.0
1,Region1Beijing,1,Beijing,Coal,3726758885.191921,55801188.92812134,ok,66.7863706272
1,Region1Beijing,1,Beijing,Natural Gas,0.0,55801188.92812134,structural_zero,0.0
1,Region1Beijing,1,Beijing,Steel Scrap,1138344254.1336753,55801188.92812134,ok,20.4
1,Region1Beijing,1,Beijing,DRI,0.0,55801188.92812134,structural_zero,0.0
1,Region1Beijing,1,Beijing,Hydrogen,0.0,55801188.92812134,structural_zero,0.0
1,Region1Beijing,1,Beijing,Electricity,407132871.5543176,55801188.92812134,ok,7.296132562314287
1,Region2Tianjin,2,Tianjin,Investment,2021.351565487068,13647900.045619167,ok,0.00014810714899219244
1,Region2Tianjin,2,Tianjin,Fixed O&M,1228311004.105725,13647900.045619167,ok,90.0
1,Region2Tianjin,2,Tianjin,Variable O&M,0.0,13647900.045619167,ok,0.0
1,Region2Tianjin,2,Tianjin,Coal,1004466069.3086879,13647900.045619167,ok,73.59858043736999
1,Region2Tianjin,2,Tianjin,Natural Gas,0.0,13647900.045619167,structural_zero,0.0
1,Region2Tianjin,2,Tianjin,Steel Scrap,278417160.930631,13647900.045619167,ok,20.4
1,Region2Tianjin,2,Tianjin,DRI,0.0,13647900.045619167,structural_zero,0.0
1,Region2Tianjin,2,Tianjin,Hydrogen,0.0,13647900.045619167,structural_zero,0.0
1,Region2Tianjin,2,Tianjin,Electricity,97807578.55861443,13647900.045619167,ok,7.16649288401036
1,Region3Hebei,3,Hebei,Investment,2248.0212338777205,209950550.70512274,ok,1.0707384316581693e-05
1,Region3Hebei,3,Hebei,Fixed O&M,18895549563.461052,209950550.70512274,ok,90.00000000000003
1,Region3Hebei,3,Hebei,Variable O&M,0.0,209950550.70512274,ok,0.0
1,Region3Hebei,3,Hebei,Coal,12339215055.47588,209950550.70512274,ok,58.77200614161002
1,Region3Hebei,3,Hebei,Natural Gas,0.0,209950550.70512274,structural_zero,0.0
1,Region3Hebei,3,Hebei,Steel Scrap,4282991234.3845053,209950550.70512274,ok,20.400000000000006
1,Region3Hebei,3,Hebei,DRI,0.0,209950550.70512274,structural_zero,0.0
1,Region3Hebei,3,Hebei,Hydrogen,0.0,209950550.70512274,structural_zero,0.0
1,Region3Hebei,3,Hebei,Electricity,1464428241.8773756,209950550.70512274,ok,6.975110267437103
1,Region4Shanxi,4,Shanxi,Investment,2655.9574111184324,58691948.83788991,ok,4.5252499937501126e-05
1,Region4Shanxi,4,Shanxi,Fixed O&M,5282275395.410092,58691948.83788991,ok,90.00000000000001
1,Region4Shanxi,4,Shanxi,Variable O&M,0.0,58691948.83788991,ok,0.0
1,Region4Shanxi,4,Shanxi,Coal,3159376732.9143963,58691948.83788991,ok,53.82981474411
1,Region4Shanxi,4,Shanxi,Natural Gas,0.0,58691948.83788991,structural_zero,0.0
1,Region4Shanxi,4,Shanxi,Steel Scrap,1197315756.2929544,58691948.83788991,ok,20.400000000000006
1,Region4Shanxi,4,Shanxi,DRI,0.0,58691948.83788991,structural_zero,0.0
1,Region4Shanxi,4,Shanxi,Hydrogen,0.0,58691948.83788991,structural_zero,0.0
1,Region4Shanxi,4,Shanxi,Electricity,394146493.9242078,58691948.83788991,ok,6.715512122673931
1,Region5Innermongolia,5,Innermongolia,Investment,1561.5933895195417,27462587.00673819,ok,5.686257413172295e-05
1,Region5Innermongolia,5,Innermongolia,Fixed O&M,2471632830.606437,27462587.00673819,ok,90.0
1,Region5Innermongolia,5,Innermongolia,Variable O&M,0.0,27462587.00673819,ok,0.0
1,Region5Innermongolia,5,Innermongolia,Coal,939072775.3057947,27462587.00673819,ok,34.194621762159
1,Region5Innermongolia,5,Innermongolia,Natural Gas,0.0,27462587.00673819,structural_zero,0.0
1,Region5Innermongolia,5,Innermongolia,Steel Scrap,560236774.9374591,27462587.00673819,ok,20.400000000000002
1,Region5Innermongolia,5,Innermongolia,DRI,0.0,27462587.00673819,structural_zero,0.0
1,Region5Innermongolia,5,Innermongolia,Hydrogen,0.0,27462587.00673819,structural_zero,0.0
1,Region5Innermongolia,5,Innermongolia,Electricity,155939786.08155018,27462587.00673819,ok,5.678262795973627
1,Region6Liaoning,6,Liaoning,Investment,1585.9849120747233,67164742.51253544,ok,2.361335505423429e-05
1,Region6Liaoning,6,Liaoning,Fixed O&M,6044826826.128188,67164742.51253544,ok,89.99999999999999
1,Region6Liaoning,6,Liaoning,Variable O&M,0.0,67164742.51253544,ok,0.0
1,Region6Liaoning,6,Liaoning,Coal,4808659023.461947,67164742.51253544,ok,71.59498932888
1,Region6Liaoning,6,Liaoning,Natural Gas,0.0,67164742.51253544,structural_zero,0.0
1,Region6Liaoning,6,Liaoning,Steel Scrap,1370160747.255723,67164742.51253544,ok,20.400000000000002
1,Region6Liaoning,6,Liaoning,DRI,0.0,67164742.51253544,structural_zero,0.0
1,Region6Liaoning,6,Liaoning,Hydrogen,0.0,67164742.51253544,structural_zero,0.0
1,Region6Liaoning,6,Liaoning,Electricity,496718491.70050377,67164742.51253544,ok,7.395524394481191
1,Region7Jilin,7,Jilin,Investment,1759.6564228729617,13192550.916041465,ok,0.00013338257582415767
1,Region7Jilin,7,Jilin,Fixed O&M,1187329582.4437318,13192550.916041465,ok,89.99999999999999
1,Region7Jilin,7,Jilin,Variable O&M,0.0,13192550.916041465,ok,0.0
1,Region7Jilin,7,Jilin,Coal,983288175.9893535,13192550.916041465,ok,74.53358961789002
1,Region7Jilin,7,Jilin,Natural Gas,0.0,13192550.916041465,structural_zero,0.0
1,Region7Jilin,7,Jilin,Steel Scrap,269128038.68724597,13192550.916041465,ok,20.400000000000006
1,Region7Jilin,7,Jilin,DRI,0.0,13192550.916041465,structural_zero,0.0
1,Region7Jilin,7,Jilin,Hydrogen,0.0,13192550.916041465,structural_zero,0.0
1,Region7Jilin,7,Jilin,Electricity,81888394.39885539,13192550.916041465,ok,6.20716910019906
1,Region8Heilongjiang,8,Heilongjiang,Investment,2040.920655901601,9153916.59059355,ok,0.0002229560031166141
1,Region8Heilongjiang,8,Heilongjiang,Fixed O&M,823852493.1534195,9153916.59059355,ok,90.0
1,Region8Heilongjiang,8,Heilongjiang,Variable O&M,0.0,9153916.59059355,ok,0.0
1,Region8Heilongjiang,8,Heilongjiang,Coal,622361289.7376425,9153916.59059355,ok,67.98852530261999
1,Region8Heilongjiang,8,Heilongjiang,Natural Gas,0.0,9153916.59059355,structural_zero,0.0
1,Region8Heilongjiang,8,Heilongjiang,Steel Scrap,186739898.4481084,9153916.59059355,ok,20.4
1,Region8Heilongjiang,8,Heilongjiang,DRI,0.0,9153916.59059355,structural_zero,0.0
1,Region8Heilongjiang,8,Heilongjiang,Hydrogen,0.0,9153916.59059355,structural_zero,0.0
1,Region8Heilongjiang,8,Heilongjiang,Electricity,58345004.00190282,9153916.59059355,ok,6.3737749218577555
1,Region9Shanghai,9,Shanghai,Investment,3286.011864013618,16196992.31605139,ok,0.00020287790473032117
1,Region9Shanghai,9,Shanghai,Fixed O&M,1457729308.444625,16196992.31605139,ok,89.99999999999999
1,Region9Shanghai,9,Shanghai,Variable O&M,0.0,16196992.31605139,ok,0.0
1,Region9Shanghai,9,Shanghai,Coal,1176931304.467801,16196992.31605139,ok,72.66357120521998
1,Region9Shanghai,9,Shanghai,Natural Gas,0.0,16196992.31605139,structural_zero,0.0
1,Region9Shanghai,9,Shanghai,Steel Scrap,330418643.24744827,16196992.31605139,ok,20.399999999999995
1,Region9Shanghai,9,Shanghai,DRI,0.0,16196992.31605139,structural_zero,0.0
1,Region9Shanghai,9,Shanghai,Hydrogen,0.0,16196992.31605139,structural_zero,0.0
1,Region9Shanghai,9,Shanghai,Electricity,135866047.55498677,16196992.31605139,ok,8.38835043592273
1,Region10Jiangsu,10,Jiangsu,Investment,2501.2263083891976,102727202.29255587,ok,2.4348237395446415e-05
1,Region10Jiangsu,10,Jiangsu,Fixed O&M,9245448206.330029,102727202.29255587,ok,90.0
1,Region10Jiangsu,10,Jiangsu,Variable O&M,0.0,102727202.29255587,ok,0.0
1,Region10Jiangsu,10,Jiangsu,Coal,7972222884.565296,102727202.29255587,ok,77.60576270598001
1,Region10Jiangsu,10,Jiangsu,Natural Gas,0.0,102727202.29255587,structural_zero,0.0
1,Region10Jiangsu,10,Jiangsu,Steel Scrap,2095634926.76814,102727202.29255587,ok,20.400000000000002
1,Region10Jiangsu,10,Jiangsu,DRI,0.0,102727202.29255587,structural_zero,0.0
1,Region10Jiangsu,10,Jiangsu,Hydrogen,0.0,102727202.29255587,structural_zero,0.0
1,Region10Jiangsu,10,Jiangsu,Electricity,826507079.9705484,102727202.29255587,ok,8.045649657787296
1,Region11Zhejiang,11,Zhejiang,Investment,3250.193354351829,8996468.422415718,ok,0.00036127435808629133
1,Region11Zhejiang,11,Zhejiang,Fixed O&M,809682158.0174147,8996468.422415718,ok,90.0
1,Region11Zhejiang,11,Zhejiang,Variable O&M,0.0,8996468.422415718,ok,0.0
1,Region11Zhejiang,11,Zhejiang,Coal,676547500.4292856,8996468.422415718,ok,75.20145335514
1,Region11Zhejiang,11,Zhejiang,Natural Gas,0.0,8996468.422415718,structural_zero,0.0
1,Region11Zhejiang,11,Zhejiang,Steel Scrap,183527955.8172807,8996468.422415718,ok,20.400000000000006
1,Region11Zhejiang,11,Zhejiang,DRI,0.0,8996468.422415718,structural_zero,0.0
1,Region11Zhejiang,11,Zhejiang,Hydrogen,0.0,8996468.422415718,structural_zero,0.0
1,Region11Zhejiang,11,Zhejiang,Electricity,72879566.2389951,8996468.422415718,ok,8.100908358373983
1,Region12Anhui,12,Anhui,Investment,2489.069132951658,32454652.883318037,ok,7.669375303135843e-05
1,Region12Anhui,12,Anhui,Fixed O&M,2920918759.4986234,32454652.883318037,ok,90.0
1,Region12Anhui,12,Anhui,Variable O&M,0.0,32454652.883318037,ok,0.0
1,Region12Anhui,12,Anhui,Coal,2648719798.2600207,32454652.883318037,ok,81.61294492296003
1,Region12Anhui,12,Anhui,Natural Gas,0.0,32454652.883318037,structural_zero,0.0
1,Region12Anhui,12,Anhui,Steel Scrap,662074918.8196878,32454652.883318037,ok,20.399999999999995
1,Region12Anhui,12,Anhui,DRI,0.0,32454652.883318037,structural_zero,0.0
1,Region12Anhui,12,Anhui,Hydrogen,0.0,32454652.883318037,structural_zero,0.0
1,Region12Anhui,12,Anhui,Electricity,250989925.3366691,32454652.883318037,ok,7.73355753454014
1,Region13Fujian,13,Fujian,Investment,4660.979011192705,25255083.681132365,ok,0.00018455607077140043
1,Region13Fujian,13,Fujian,Fixed O&M,2272957531.301913,25255083.681132365,ok,90.0
1,Region13Fujian,13,Fujian,Variable O&M,0.0,25255083.681132365,ok,0.0
1,Region13Fujian,13,Fujian,Coal,1926206123.437861,25255083.681132365,ok,76.27003528310999
1,Region13Fujian,13,Fujian,Natural Gas,0.0,25255083.681132365,structural_zero,0.0
1,Region13Fujian,13,Fujian,Steel Scrap,515203707.0951003,25255083.681132365,ok,20.400000000000002
1,Region13Fujian,13,Fujian,DRI,0.0,25255083.681132365,structural_zero,0.0
1,Region13Fujian,13,Fujian,Hydrogen,0.0,25255083.681132365,structural_zero,0.0
1,Region13Fujian,13,Fujian,Electricity,200354177.36687055,25255083.681132365,ok,7.933221679108974
1,Region14Jiangxi,14,Jiangxi,Investment,2459.01178142134,20147968.64381457,ok,0.00012204762797148073
1,Region14Jiangxi,14,Jiangxi,Fixed O&M,1813317177.9433117,20147968.64381457,ok,90.00000000000001
1,Region14Jiangxi,14,Jiangxi,Variable O&M,0.0,20147968.64381457,ok,0.0
1,Region14Jiangxi,14,Jiangxi,Coal,1854250167.9634466,20147968.64381457,ok,92.03161870775999
1,Region14Jiangxi,14,Jiangxi,Natural Gas,0.0,20147968.64381457,structural_zero,0.0
1,Region14Jiangxi,14,Jiangxi,Steel Scrap,411018560.33381724,20147968.64381457,ok,20.4
1,Region14Jiangxi,14,Jiangxi,DRI,0.0,20147968.64381457,structural_zero,0.0
1,Region14Jiangxi,14,Jiangxi,Hydrogen,0.0,20147968.64381457,structural_zero,0.0
1,Region14Jiangxi,14,Jiangxi,Electricity,151204843.21567196,20147968.64381457,ok,7.5047190061064475
1,Region15Shandong,15,Shandong,Investment,2023.1290381499175,55799902.64417123,ok,3.625685605674171e-05
1,Region15Shandong,15,Shandong,Fixed O&M,5021991237.975411,55799902.64417123,ok,90.00000000000001
1,Region15Shandong,15,Shandong,Variable O&M,0.0,55799902.64417123,ok,0.0
1,Region15Shandong,15,Shandong,Coal,4419834153.501934,55799902.64417123,ok,79.20863557212
1,Region15Shandong,15,Shandong,Natural Gas,0.0,55799902.64417123,structural_zero,0.0
1,Region15Shandong,15,Shandong,Steel Scrap,1138318013.9410934,55799902.64417123,ok,20.400000000000006
1,Region15Shandong,15,Shandong,DRI,0.0,55799902.64417123,structural_zero,0.0
1,Region15Shandong,15,Shandong,Hydrogen,0.0,55799902.64417123,structural_zero,0.0
1,Region15Shandong,15,Shandong,Electricity,405101019.8143507,55799902.64417123,ok,7.259887573597172
1,Region16Henan,16,Henan,Investment,2100.3394185029215,28925515.88062305,ok,7.261199513851784e-05
1,Region16Henan,16,Henan,Fixed O&M,2603296429.256075,28925515.88062305,ok,90.00000000000001
1,Region16Henan,16,Henan,Variable O&M,0.0,28925515.88062305,ok,0.0
1,Region16Henan,16,Henan,Coal,2322059929.651085,28925515.88062305,ok,80.27721750009003
1,Region16Henan,16,Henan,Natural Gas,0.0,28925515.88062305,structural_zero,0.0
1,Region16Henan,16,Henan,Steel Scrap,590080523.9647104,28925515.88062305,ok,20.400000000000006
1,Region16Henan,16,Henan,DRI,0.0,28925515.88062305,structural_zero,0.0
1,Region16Henan,16,Henan,Hydrogen,0.0,28925515.88062305,structural_zero,0.0
1,Region16Henan,16,Henan,Electricity,219331904.8938329,28925515.88062305,ok,7.582644534293731
1,Region17Hubei,17,Hubei,Investment,2316.7090537083714,28478466.64981329,ok,8.134950108781787e-05
1,Region17Hubei,17,Hubei,Fixed O&M,2563061998.4831963,28478466.64981329,ok,90.0
1,Region17Hubei,17,Hubei,Variable O&M,0.0,28478466.64981329,ok,0.0
1,Region17Hubei,17,Hubei,Coal,2510604926.0048647,28478466.64981329,ok,88.15800923823
1,Region17Hubei,17,Hubei,Natural Gas,0.0,28478466.64981329,structural_zero,0.0
1,Region17Hubei,17,Hubei,Steel Scrap,580960719.6561911,28478466.64981329,ok,20.4
1,Region17Hubei,17,Hubei,DRI,0.0,28478466.64981329,structural_zero,0.0
1,Region17Hubei,17,Hubei,Hydrogen,0.0,28478466.64981329,structural_zero,0.0
1,Region17Hubei,17,Hubei,Electricity,212402480.7764119,28478466.64981329,ok,7.458353828814882
1,Region18Hunan,18,Hunan,Investment,2494.9663670685923,18202942.9824967,ok,0.0001370639005718835
1,Region18Hunan,18,Hunan,Fixed O&M,1638264868.424703,18202942.9824967,ok,89.99999999999999
1,Region18Hunan,18,Hunan,Variable O&M,0.0,18202942.9824967,ok,0.0
1,Region18Hunan,18,Hunan,Coal,1684971976.3476229,18202942.9824967,ok,92.56590969755999
1,Region18Hunan,18,Hunan,Natural Gas,0.0,18202942.9824967,structural_zero,0.0
1,Region18Hunan,18,Hunan,Steel Scrap,371340036.8429327,18202942.9824967,ok,20.4
1,Region18Hunan,18,Hunan,DRI,0.0,18202942.9824967,structural_zero,0.0
1,Region18Hunan,18,Hunan,Hydrogen,0.0,18202942.9824967,structural_zero,0.0
1,Region18Hunan,18,Hunan,Electricity,133759386.4656002,18202942.9824967,ok,7.34822861304452
1,Region19Guangdong,19,Guangdong,Investment,5357.594645867898,28951760.093552608,ok,0.00018505246757211848
1,Region19Guangdong,19,Guangdong,Fixed O&M,2605658408.419735,28951760.093552608,ok,90.00000000000001
1,Region19Guangdong,19,Guangdong,Variable O&M,0.0,28951760.093552608,ok,0.0
1,Region19Guangdong,19,Guangdong,Coal,2293229414.4216557,28951760.093552608,ok,79.20863557212002
1,Region19Guangdong,19,Guangdong,Natural Gas,0.0,28951760.093552608,structural_zero,0.0
1,Region19Guangdong,19,Guangdong,Steel Scrap,590615905.9084733,28951760.093552608,ok,20.400000000000002
1,Region19Guangdong,19,Guangdong,DRI,0.0,28951760.093552608,structural_zero,0.0
1,Region19Guangdong,19,Guangdong,Hydrogen,0.0,28951760.093552608,structural_zero,0.0
1,Region19Guangdong,19,Guangdong,Electricity,243962940.17099676,28951760.093552608,ok,8.426532251672185
1,Region20Guangxi,20,Guangxi,Investment,2527.0423841566853,37886996.13442235,ok,6.66994653044223e-05
1,Region20Guangxi,20,Guangxi,Fixed O&M,3409829652.098011,37886996.13442235,ok,90.0
1,Region20Guangxi,20,Guangxi,Variable O&M,0.0,37886996.13442235,ok,0.0
1,Region20Guangxi,20,Guangxi,Coal,3466558903.51643,37886996.13442235,ok,91.49732776958997
1,Region20Guangxi,20,Guangxi,Natural Gas,0.0,37886996.13442235,structural_zero,0.0
1,Region20Guangxi,20,Guangxi,Steel Scrap,772894721.1422158,37886996.13442235,ok,20.4
1,Region20Guangxi,20,Guangxi,DRI,0.0,37886996.13442235,structural_zero,0.0
1,Region20Guangxi,20,Guangxi,Hydrogen,0.0,37886996.13442235,structural_zero,0.0
1,Region20Guangxi,20,Guangxi,Electricity,305707754.6394905,37886996.13442235,ok,8.068936200559293
1,Region22Chongqing,22,Chongqing,Investment,3599.577802179873,11396761.369273428,ok,0.00031584216651974655
1,Region22Chongqing,22,Chongqing,Fixed O&M,1025708523.2346084,11396761.369273428,ok,89.99999999999999
1,Region22Chongqing,22,Chongqing,Variable O&M,0.0,11396761.369273428,ok,0.0
1,Region22Chongqing,22,Chongqing,Coal,927078664.4743788,11396761.369273428,ok,81.34579942806
1,Region22Chongqing,22,Chongqing,Natural Gas,0.0,11396761.369273428,structural_zero,0.0
1,Region22Chongqing,22,Chongqing,Steel Scrap,232493931.9331779,11396761.369273428,ok,20.399999999999995
1,Region22Chongqing,22,Chongqing,DRI,0.0,11396761.369273428,structural_zero,0.0
1,Region22Chongqing,22,Chongqing,Hydrogen,0.0,11396761.369273428,structural_zero,0.0
1,Region22Chongqing,22,Chongqing,Electricity,81069700.59888028,11396761.369273428,ok,7.1133980937295584
1,Region23Sichuan,23,Sichuan,Investment,3132.336308090231,18150723.845324315,ok,0.00017257363038428525
1,Region23Sichuan,23,Sichuan,Fixed O&M,1633565146.0791883,18150723.845324315,ok,90.0
1,Region23Sichuan,23,Sichuan,Variable O&M,0.0,18150723.845324315,ok,0.0
1,Region23Sichuan,23,Sichuan,Coal,1573462818.799296,18150723.845324315,ok,86.68870906790998
1,Region23Sichuan,23,Sichuan,Natural Gas,0.0,18150723.845324315,structural_zero,0.0
1,Region23Sichuan,23,Sichuan,Steel Scrap,370274766.44461614,18150723.845324315,ok,20.400000000000006
1,Region23Sichuan,23,Sichuan,DRI,0.0,18150723.845324315,structural_zero,0.0
1,Region23Sichuan,23,Sichuan,Hydrogen,0.0,18150723.845324315,structural_zero,0.0
1,Region23Sichuan,23,Sichuan,Electricity,130935410.07753232,18150723.845324315,ok,7.213784485584673
1,Region24Guizhou,24,Guizhou,Investment,11297.33768552683,3503969.3264436894,ok,0.003224154275629155
1,Region24Guizhou,24,Guizhou,Fixed O&M,315357239.37993205,3503969.3264436894,ok,90.0
1,Region24Guizhou,24,Guizhou,Variable O&M,0.0,3503969.3264436894,ok,0.0
1,Region24Guizhou,24,Guizhou,Coal,231677220.2335505,3503969.3264436894,ok,66.11850694158001
1,Region24Guizhou,24,Guizhou,Natural Gas,0.0,3503969.3264436894,structural_zero,0.0
1,Region24Guizhou,24,Guizhou,Steel Scrap,71480974.25945127,3503969.3264436894,ok,20.400000000000002
1,Region24Guizhou,24,Guizhou,DRI,0.0,3503969.3264436894,structural_zero,0.0
1,Region24Guizhou,24,Guizhou,Hydrogen,0.0,3503969.3264436894,structural_zero,0.0
1,Region24Guizhou,24,Guizhou,Electricity,24860637.31855531,3503969.3264436894,ok,7.094992850233455
1,Region25Yunnan,25,Yunnan,Investment,12560.02004608673,12947299.997420259,ok,0.0009700879757624606
1,Region25Yunnan,25,Yunnan,Fixed O&M,1165256999.7678232,12947299.997420259,ok,90.0
1,Region25Yunnan,25,Yunnan,Variable O&M,0.0,12947299.997420259,ok,0.0
1,Region25Yunnan,25,Yunnan,Coal,731538886.9464371,12947299.997420259,ok,56.50126953822
1,Region25Yunnan,25,Yunnan,Natural Gas,0.0,12947299.997420259,structural_zero,0.0
1,Region25Yunnan,25,Yunnan,Steel Scrap,264124919.94737324,12947299.997420259,ok,20.4
1,Region25Yunnan,25,Yunnan,DRI,0.0,12947299.997420259,structural_zero,0.0
1,Region25Yunnan,25,Yunnan,Hydrogen,0.0,12947299.997420259,structural_zero,0.0
1,Region25Yunnan,25,Yunnan,Electricity,96429225.0599876,12947299.997420259,ok,7.447825035273846
1,Region27Shaanxi,27,Shaanxi,Investment,3608.1713258429745,12097560.196043048,ok,0.000298256116718738
1,Region27Shaanxi,27,Shaanxi,Fixed O&M,1088780417.6438744,12097560.196043048,ok,90.0
1,Region27Shaanxi,27,Shaanxi,Variable O&M,0.0,12097560.196043048,ok,0.0
1,Region27Shaanxi,27,Shaanxi,Coal,715845595.1988204,12097560.196043048,ok,59.172724383959995
1,Region27Shaanxi,27,Shaanxi,Natural Gas,0.0,12097560.196043048,structural_zero,0.0
1,Region27Shaanxi,27,Shaanxi,Steel Scrap,246790227.9992782,12097560.196043048,ok,20.400000000000002
1,Region27Shaanxi,27,Shaanxi,DRI,0.0,12097560.196043048,structural_zero,0.0
1,Region27Shaanxi,27,Shaanxi,Hydrogen,0.0,12097560.196043048,structural_zero,0.0
1,Region27Shaanxi,27,Shaanxi,Electricity,79253771.35222158,12097560.196043048,ok,6.551219425065927
1,Region28Gansu,28,Gansu,Investment,2671.732666566055,10003845.207470583,ok,0.00026707057248055797
1,Region28Gansu,28,Gansu,Fixed O&M,900346068.6723524,10003845.207470583,ok,90.0
1,Region28Gansu,28,Gansu,Variable O&M,0.0,10003845.207470583,ok,0.0
1,Region28Gansu,28,Gansu,Coal,706871503.250639,10003845.207470583,ok,70.65998009672998
1,Region28Gansu,28,Gansu,Natural Gas,0.0,10003845.207470583,structural_zero,0.0
1,Region28Gansu,28,Gansu,Steel Scrap,204078442.2323999,10003845.207470583,ok,20.400000000000002
1,Region28Gansu,28,Gansu,DRI,0.0,10003845.207470583,structural_zero,0.0
1,Region28Gansu,28,Gansu,Hydrogen,0.0,10003845.207470583,structural_zero,0.0
1,Region28Gansu,28,Gansu,Electricity,66480172.65654355,10003845.207470583,ok,6.645461947661693
1,Region29Qinghai,29,Qinghai,Investment,1581.3141358708515,902262.2317990136,ok,0.001752610361089682
1,Region29Qinghai,29,Qinghai,Fixed O&M,81203600.86191122,902262.2317990136,ok,90.0
1,Region29Qinghai,29,Qinghai,Variable O&M,0.0,902262.2317990136,ok,0.0
1,Region29Qinghai,29,Qinghai,Coal,58451055.230694726,902262.2317990136,ok,64.78277951871002
1,Region29Qinghai,29,Qinghai,Natural Gas,0.0,902262.2317990136,structural_zero,0.0
1,Region29Qinghai,29,Qinghai,Steel Scrap,18406149.528699882,902262.2317990136,ok,20.400000000000006
1,Region29Qinghai,29,Qinghai,DRI,0.0,902262.2317990136,structural_zero,0.0
1,Region29Qinghai,29,Qinghai,Hydrogen,0.0,902262.2317990136,structural_zero,0.0
1,Region29Qinghai,29,Qinghai,Electricity,6042703.836441628,902262.2317990136,ok,6.697281148955031
1,Region30Ningxia,30,Ningxia,Investment,1664.6640533478455,5299780.556349739,ok,0.000314100562400341
1,Region30Ningxia,30,Ningxia,Fixed O&M,476980250.0714766,5299780.556349739,ok,90.0
1,Region30Ningxia,30,Ningxia,Variable O&M,0.0,5299780.556349739,ok,0.0
1,Region30Ningxia,30,Ningxia,Coal,277499237.0586394,5299780.556349739,ok,52.36051457379
1,Region30Ningxia,30,Ningxia,Natural Gas,0.0,5299780.556349739,structural_zero,0.0
1,Region30Ningxia,30,Ningxia,Steel Scrap,108115523.3495347,5299780.556349739,ok,20.400000000000006
1,Region30Ningxia,30,Ningxia,DRI,0.0,5299780.556349739,structural_zero,0.0
1,Region30Ningxia,30,Ningxia,Hydrogen,0.0,5299780.556349739,structural_zero,0.0
1,Region30Ningxia,30,Ningxia,Electricity,36020858.25973588,5299780.556349739,ok,6.796669763350636
1,Region31Xinjiang,31,Xinjiang,Investment,1992.1522077802292,14602683.119489383,ok,0.00013642371004554741
1,Region31Xinjiang,31,Xinjiang,Fixed O&M,1314241480.7540443,14602683.119489383,ok,89.99999999999999
1,Region31Xinjiang,31,Xinjiang,Variable O&M,0.0,14602683.119489383,ok,0.0
1,Region31Xinjiang,31,Xinjiang,Coal,468124899.3454921,14602683.119489383,ok,32.05745790105601
1,Region31Xinjiang,31,Xinjiang,Natural Gas,0.0,14602683.119489383,structural_zero,0.0
1,Region31Xinjiang,31,Xinjiang,Steel Scrap,297894735.63758343,14602683.119489383,ok,20.400000000000002
1,Region31Xinjiang,31,Xinjiang,DRI,0.0,14602683.119489383,structural_zero,0.0
1,Region31Xinjiang,31,Xinjiang,Hydrogen,0.0,14602683.119489383,structural_zero,0.0
1,Region31Xinjiang,31,Xinjiang,Electricity,76118119.52787073,14602683.119489383,ok,5.212611881324751
2,Region1Beijing,1,Beijing,Investment,2135.449047968749,55792663.01059206,ok,3.827472883958489e-05
2,Region1Beijing,1,Beijing,Fixed O&M,10042679341.906569,55792663.01059206,ok,179.99999999999997
2,Region1Beijing,1,Beijing,Variable O&M,0.0,55792663.01059206,ok,0.0
2,Region1Beijing,1,Beijing,Coal,3726189470.1038733,55792663.01059206,ok,66.7863706272
2,Region1Beijing,1,Beijing,Natural Gas,0.0,55792663.01059206,structural_zero,0.0
2,Region1Beijing,1,Beijing,Steel Scrap,1138170325.4160779,55792663.01059206,ok,20.4
2,Region1Beijing,1,Beijing,DRI,0.0,55792663.01059206,structural_zero,0.0
2,Region1Beijing,1,Beijing,Hydrogen,0.0,55792663.01059206,structural_zero,0.0
2,Region1Beijing,1,Beijing,Electricity,422053058.71548724,55792663.01059206,ok,7.564669545086274
2,Region2Tianjin,2,Tianjin,Investment,2178.5436433845057,77467.9814194733,ok,0.028121858908238963
2,Region2Tianjin,2,Tianjin,Fixed O&M,13944236.655505195,77467.9814194733,ok,180.0
2,Region2Tianjin,2,Tianjin,Variable O&M,0.0,77467.9814194733,ok,0.0
2,Region2Tianjin,2,Tianjin,Coal,5701533.461821791,77467.9814194733,ok,73.59858043737
2,Region2Tianjin,2,Tianjin,Natural Gas,0.0,77467.9814194733,structural_zero,0.0
2,Region2Tianjin,2,Tianjin,Steel Scrap,1580346.8209572555,77467.9814194733,ok,20.400000000000002
2,Region2Tianjin,2,Tianjin,DRI,0.0,77467.9814194733,structural_zero,0.0
2,Region2Tianjin,2,Tianjin,Hydrogen,0.0,77467.9814194733,structural_zero,0.0
2,Region2Tianjin,2,Tianjin,Electricity,584195.8926865114,77467.9814194733,ok,7.541127082209744
2,Region3Hebei,3,Hebei,Investment,2164.581389438524,209935475.09369606,ok,1.031069850615982e-05
2,Region3Hebei,3,Hebei,Fixed O&M,37788385516.865295,209935475.09369606,ok,180.00000000000003
2,Region3Hebei,3,Hebei,Variable O&M,0.0,209935475.09369606,ok,0.0
2,Region3Hebei,3,Hebei,Coal,12338329031.548523,209935475.09369606,ok,58.77200614161002
2,Region3Hebei,3,Hebei,Natural Gas,0.0,209935475.09369606,structural_zero,0.0
2,Region3Hebei,3,Hebei,Steel Scrap,4282683691.9114003,209935475.09369606,ok,20.400000000000002
2,Region3Hebei,3,Hebei,DRI,0.0,209935475.09369606,structural_zero,0.0
2,Region3Hebei,3,Hebei,Hydrogen,0.0,209935475.09369606,structural_zero,0.0
2,Region3Hebei,3,Hebei,Electricity,1519702909.381627,209935475.09369606,ok,7.238904757299214
2,Region4Shanxi,4,Shanxi,Investment,2079.3351716292723,58690111.47972111,ok,3.542905472837165e-05
2,Region4Shanxi,4,Shanxi,Fixed O&M,10564220066.3498,58690111.47972111,ok,180.00000000000003
2,Region4Shanxi,4,Shanxi,Variable O&M,0.0,58690111.47972111,ok,0.0
2,Region4Shanxi,4,Shanxi,Coal,3159277828.2645516,58690111.47972111,ok,53.82981474411002
2,Region4Shanxi,4,Shanxi,Natural Gas,0.0,58690111.47972111,structural_zero,0.0
2,Region4Shanxi,4,Shanxi,Steel Scrap,1197278274.1863108,58690111.47972111,ok,20.400000000000002
2,Region4Shanxi,4,Shanxi,DRI,0.0,58690111.47972111,structural_zero,0.0
2,Region4Shanxi,4,Shanxi,Hydrogen,0.0,58690111.47972111,structural_zero,0.0
2,Region4Shanxi,4,Shanxi,Electricity,410734686.7143624,58690111.47972111,ok,6.998362694476759
2,Region5Innermongolia,5,Innermongolia,Investment,2253.431474612039,27462524.327241443,ok,8.205478301121606e-05
2,Region5Innermongolia,5,Innermongolia,Fixed O&M,4943254378.90346,27462524.327241443,ok,180.0
2,Region5Innermongolia,5,Innermongolia,Variable O&M,0.0,27462524.327241443,ok,0.0
2,Region5Innermongolia,5,Innermongolia,Coal,939070632.0041115,27462524.327241443,ok,34.19462176215901
2,Region5Innermongolia,5,Innermongolia,Natural Gas,0.0,27462524.327241443,structural_zero,0.0
2,Region5Innermongolia,5,Innermongolia,Steel Scrap,560235496.2757255,27462524.327241443,ok,20.400000000000002
2,Region5Innermongolia,5,Innermongolia,DRI,0.0,27462524.327241443,structural_zero,0.0
2,Region5Innermongolia,5,Innermongolia,Hydrogen,0.0,27462524.327241443,structural_zero,0.0
2,Region5Innermongolia,5,Innermongolia,Electricity,164863116.21910578,27462524.327241443,ok,6.003203283667913
2,Region6Liaoning,6,Liaoning,Investment,2121.978319818602,19816617.09777945,ok,0.00010708075497186551
2,Region6Liaoning,6,Liaoning,Fixed O&M,3566991077.6003013,19816617.09777945,ok,180.00000000000003
2,Region6Liaoning,6,Liaoning,Variable O&M,0.0,19816617.09777945,ok,0.0
2,Region6Liaoning,6,Liaoning,Coal,1418770489.6500208,19816617.09777945,ok,71.59498932888002
2,Region6Liaoning,6,Liaoning,Natural Gas,0.0,19816617.09777945,structural_zero,0.0
2,Region6Liaoning,6,Liaoning,Steel Scrap,404258988.7947008,19816617.09777945,ok,20.400000000000002
2,Region6Liaoning,6,Liaoning,DRI,0.0,19816617.09777945,structural_zero,0.0
2,Region6Liaoning,6,Liaoning,Hydrogen,0.0,19816617.09777945,structural_zero,0.0
2,Region6Liaoning,6,Liaoning,Electricity,140068188.040954,19816617.09777945,ok,7.068218927066484
2,Region7Jilin,7,Jilin,Investment,2493.607025045887,13190142.485271346,ok,0.00018905080273623663
2,Region7Jilin,7,Jilin,Fixed O&M,2374225647.348842,13190142.485271346,ok,180.0
2,Region7Jilin,7,Jilin,Variable O&M,0.0,13190142.485271346,ok,0.0
2,Region7Jilin,7,Jilin,Coal,983108666.9987102,13190142.485271346,ok,74.53358961789
2,Region7Jilin,7,Jilin,Natural Gas,0.0,13190142.485271346,structural_zero,0.0
2,Region7Jilin,7,Jilin,Steel Scrap,269078906.6995355,13190142.485271346,ok,20.400000000000002
2,Region7Jilin,7,Jilin,DRI,0.0,13190142.485271346,structural_zero,0.0
2,Region7Jilin,7,Jilin,Hydrogen,0.0,13190142.485271346,structural_zero,0.0
2,Region7Jilin,7,Jilin,Electricity,72226856.92050081,13190142.485271346,ok,5.475820826132264
2,Region8Heilongjiang,8,Heilongjiang,Investment,2963.2231039072535,9153823.29159807,ok,0.0003237142568206531
2,Region8Heilongjiang,8,Heilongjiang,Fixed O&M,1647688192.4876528,9153823.29159807,ok,180.0
2,Region8Heilongjiang,8,Heilongjiang,Variable O&M,0.0,9153823.29159807,ok,0.0
2,Region8Heilongjiang,8,Heilongjiang,Coal,622354946.4765277,9153823.29159807,ok,67.98852530262
2,Region8Heilongjiang,8,Heilongjiang,Natural Gas,0.0,9153823.29159807,structural_zero,0.0
2,Region8Heilongjiang,8,Heilongjiang,Steel Scrap,186737995.14860064,9153823.29159807,ok,20.4
2,Region8Heilongjiang,8,Heilongjiang,DRI,0.0,9153823.29159807,structural_zero,0.0
2,Region8Heilongjiang,8,Heilongjiang,Hydrogen,0.0,9153823.29159807,structural_zero,0.0
2,Region8Heilongjiang,8,Heilongjiang,Electricity,52839766.62205529,9153823.29159807,ok,5.772425896680222
2,Region9Shanghai,9,Shanghai,Investment,2237.2063135322915,16196689.377671404,ok,0.00013812738278579833
2,Region9Shanghai,9,Shanghai,Fixed O&M,2915404087.9808526,16196689.377671404,ok,180.0
2,Region9Shanghai,9,Shanghai,Variable O&M,0.0,16196689.377671404,ok,0.0
2,Region9Shanghai,9,Shanghai,Coal,1176909291.8832564,16196689.377671404,ok,72.66357120522
2,Region9Shanghai,9,Shanghai,Natural Gas,0.0,16196689.377671404,structural_zero,0.0
2,Region9Shanghai,9,Shanghai,Steel Scrap,330412463.3044966,16196689.377671404,ok,20.4
2,Region9Shanghai,9,Shanghai,DRI,0.0,16196689.377671404,structural_zero,0.0
2,Region9Shanghai,9,Shanghai,Hydrogen,0.0,16196689.377671404,structural_zero,0.0
2,Region9Shanghai,9,Shanghai,Electricity,136813981.90733495,16196689.377671404,ok,8.44703375591961
2,Region10Jiangsu,10,Jiangsu,Investment,2740.6408026447516,102726510.35351974,ok,2.6679002267410794e-05
2,Region10Jiangsu,10,Jiangsu,Fixed O&M,18490771863.633553,102726510.35351974,ok,180.0
2,Region10Jiangsu,10,Jiangsu,Variable O&M,0.0,102726510.35351974,ok,0.0
2,Region10Jiangsu,10,Jiangsu,Coal,7972169186.10865,102726510.35351974,ok,77.60576270598
2,Region10Jiangsu,10,Jiangsu,Natural Gas,0.0,102726510.35351974,structural_zero,0.0
2,Region10Jiangsu,10,Jiangsu,Steel Scrap,2095620811.2118025,102726510.35351974,ok,20.4
2,Region10Jiangsu,10,Jiangsu,DRI,0.0,102726510.35351974,structural_zero,0.0
2,Region10Jiangsu,10,Jiangsu,Hydrogen,0.0,102726510.35351974,structural_zero,0.0
2,Region10Jiangsu,10,Jiangsu,Electricity,859416349.09125,102726510.35351974,ok,8.366061945778961
2,Region11Zhejiang,11,Zhejiang,Investment,2695.1686439755304,8995622.83668219,ok,0.00029960889789478726
2,Region11Zhejiang,11,Zhejiang,Fixed O&M,1619212110.602794,8995622.83668219,ok,179.99999999999997
2,Region11Zhejiang,11,Zhejiang,Variable O&M,0.0,8995622.83668219,ok,0.0
2,Region11Zhejiang,11,Zhejiang,Coal,676483911.1531879,8995622.83668219,ok,75.20145335514
2,Region11Zhejiang,11,Zhejiang,Natural Gas,0.0,8995622.83668219,structural_zero,0.0
2,Region11Zhejiang,11,Zhejiang,Steel Scrap,183510705.86831665,8995622.83668219,ok,20.4
2,Region11Zhejiang,11,Zhejiang,DRI,0.0,8995622.83668219,structural_zero,0.0
2,Region11Zhejiang,11,Zhejiang,Hydrogen,0.0,8995622.83668219,structural_zero,0.0
2,Region11Zhejiang,11,Zhejiang,Electricity,70710103.56942995,8995622.83668219,ok,7.860501140742535
2,Region12Anhui,12,Anhui,Investment,2207.6724218220065,32454132.925634943,ok,6.80243846563593e-05
2,Region12Anhui,12,Anhui,Fixed O&M,5841743926.614288,32454132.925634943,ok,179.99999999999994
2,Region12Anhui,12,Anhui,Variable O&M,0.0,32454132.925634943,ok,0.0
2,Region12Anhui,12,Anhui,Coal,2648677362.982267,32454132.925634943,ok,81.61294492295998
2,Region12Anhui,12,Anhui,Natural Gas,0.0,32454132.925634943,structural_zero,0.0
2,Region12Anhui,12,Anhui,Steel Scrap,662064311.6829528,32454132.925634943,ok,20.4
2,Region12Anhui,12,Anhui,DRI,0.0,32454132.925634943,structural_zero,0.0
2,Region12Anhui,12,Anhui,Hydrogen,0.0,32454132.925634943,structural_zero,0.0
2,Region12Anhui,12,Anhui,Electricity,255891193.18535575,32454132.925634943,ok,7.884702813404448
2,Region13Fujian,13,Fujian,Investment,3328.216068110927,25254443.406404324,ok,0.000131787345876208
2,Region13Fujian,13,Fujian,Fixed O&M,4545799813.152779,25254443.406404324,ok,180.0
2,Region13Fujian,13,Fujian,Variable O&M,0.0,25254443.406404324,ok,0.0
2,Region13Fujian,13,Fujian,Coal,1926157289.6617627,25254443.406404324,ok,76.27003528311
2,Region13Fujian,13,Fujian,Natural Gas,0.0,25254443.406404324,structural_zero,0.0
2,Region13Fujian,13,Fujian,Steel Scrap,515190645.4906484,25254443.406404324,ok,20.400000000000006
2,Region13Fujian,13,Fujian,DRI,0.0,25254443.406404324,structural_zero,0.0
2,Region13Fujian,13,Fujian,Hydrogen,0.0,25254443.406404324,structural_zero,0.0
2,Region13Fujian,13,Fujian,Electricity,189126758.94953382,25254443.406404324,ok,7.488850809579624
2,Region14Jiangxi,14,Jiangxi,Investment,3412.672014117129,20145448.428151928,ok,0.00016940164058835971
2,Region14Jiangxi,14,Jiangxi,Fixed O&M,3626180717.0673466,20145448.428151928,ok,179.99999999999997
2,Region14Jiangxi,14,Jiangxi,Variable O&M,0.0,20145448.428151928,ok,0.0
2,Region14Jiangxi,14,Jiangxi,Coal,1854018228.436521,20145448.428151928,ok,92.03161870775999
2,Region14Jiangxi,14,Jiangxi,Natural Gas,0.0,20145448.428151928,structural_zero,0.0
2,Region14Jiangxi,14,Jiangxi,Steel Scrap,410967147.93429923,20145448.428151928,ok,20.399999999999995
2,Region14Jiangxi,14,Jiangxi,DRI,0.0,20145448.428151928,structural_zero,0.0
2,Region14Jiangxi,14,Jiangxi,Hydrogen,0.0,20145448.428151928,structural_zero,0.0
2,Region14Jiangxi,14,Jiangxi,Electricity,148755371.47314352,20145448.428151928,ok,7.38406851570838
2,Region15Shandong,15,Shandong,Investment,2121.9242988548385,2004.7137047254334,ok,1.0584674978043602
2,Region15Shandong,15,Shandong,Fixed O&M,360848.46685057814,2004.7137047254334,ok,180.00000000000006
2,Region15Shandong,15,Shandong,Variable O&M,0.0,2004.7137047254334,ok,0.0
2,Region15Shandong,15,Shandong,Coal,158790.63726403145,2004.7137047254334,ok,79.20863557212
2,Region15Shandong,15,Shandong,Natural Gas,0.0,2004.7137047254334,structural_zero,0.0
2,Region15Shandong,15,Shandong,Steel Scrap,40896.1595763986,2004.7137047254334,ok,20.399999999999878
2,Region15Shandong,15,Shandong,DRI,0.0,2004.7137047254334,structural_zero,0.0
2,Region15Shandong,15,Shandong,Hydrogen,0.0,2004.7137047254334,structural_zero,0.0
2,Region15Shandong,15,Shandong,Electricity,15303.70722870094,2004.7137047254334,ok,7.633861729297123
2,Region16Henan,16,Henan,Investment,2225.2397857748488,7321996.106975325,ok,0.0003039116319189198
2,Region16Henan,16,Henan,Fixed O&M,1317959299.2555585,7321996.106975325,ok,180.0
2,Region16Henan,16,Henan,Variable O&M,0.0,7321996.106975325,ok,0.0
2,Region16Henan,16,Henan,Coal,587789474.0144706,7321996.106975325,ok,80.27721750009002
2,Region16Henan,16,Henan,Natural Gas,0.0,7321996.106975325,structural_zero,0.0
2,Region16Henan,16,Henan,Steel Scrap,149368720.58229667,7321996.106975325,ok,20.400000000000006
2,Region16Henan,16,Henan,DRI,0.0,7321996.106975325,structural_zero,0.0
2,Region16Henan,16,Henan,Hydrogen,0.0,7321996.106975325,structural_zero,0.0
2,Region16Henan,16,Henan,Electricity,55903178.60043588,7321996.106975325,ok,7.634964261614333
2,Region17Hubei,17,Hubei,Investment,2432.363708253249,28469485.54879693,ok,8.543757153897839e-05
2,Region17Hubei,17,Hubei,Fixed O&M,5124507398.783446,28469485.54879693,ok,179.99999999999997
2,Region17Hubei,17,Hubei,Variable O&M,0.0,28469485.54879693,ok,0.0
2,Region17Hubei,17,Hubei,Coal,2509813170.0184946,28469485.54879693,ok,88.15800923822998
2,Region17Hubei,17,Hubei,Natural Gas,0.0,28469485.54879693,structural_zero,0.0
2,Region17Hubei,17,Hubei,Steel Scrap,580777505.1954575,28469485.54879693,ok,20.400000000000002
2,Region17Hubei,17,Hubei,DRI,0.0,28469485.54879693,structural_zero,0.0
2,Region17Hubei,17,Hubei,Hydrogen,0.0,28469485.54879693,structural_zero,0.0
2,Region17Hubei,17,Hubei,Electricity,212404822.42126605,28469485.54879693,ok,7.460788922834677
2,Region18Hunan,18,Hunan,Investment,2604.6726921974227,18202339.013112858,ok,0.00014309549395388318
2,Region18Hunan,18,Hunan,Fixed O&M,3276421022.3603144,18202339.013112858,ok,180.0
2,Region18Hunan,18,Hunan,Variable O&M,0.0,18202339.013112858,ok,0.0
2,Region18Hunan,18,Hunan,Coal,1684916069.372178,18202339.013112858,ok,92.56590969755999
2,Region18Hunan,18,Hunan,Natural Gas,0.0,18202339.013112858,structural_zero,0.0
2,Region18Hunan,18,Hunan,Steel Scrap,371327715.86750233,18202339.013112858,ok,20.400000000000002
2,Region18Hunan,18,Hunan,DRI,0.0,18202339.013112858,structural_zero,0.0
2,Region18Hunan,18,Hunan,Hydrogen,0.0,18202339.013112858,structural_zero,0.0
2,Region18Hunan,18,Hunan,Electricity,129793909.51103953,18202339.013112858,ok,7.1306170826472774
2,Region19Guangdong,19,Guangdong,Investment,8786.89623339706,28951719.488581292,ok,0.00030350170520485514
2,Region19Guangdong,19,Guangdong,Fixed O&M,5211309507.944633,28951719.488581292,ok,180.0
2,Region19Guangdong,19,Guangdong,Variable O&M,0.0,28951719.488581292,ok,0.0
2,Region19Guangdong,19,Guangdong,Coal,2293226198.15728,28951719.488581292,ok,79.20863557212
2,Region19Guangdong,19,Guangdong,Natural Gas,0.0,28951719.488581292,structural_zero,0.0
2,Region19Guangdong,19,Guangdong,Steel Scrap,590615077.5670586,28951719.488581292,ok,20.400000000000006
2,Region19Guangdong,19,Guangdong,DRI,0.0,28951719.488581292,structural_zero,0.0
2,Region19Guangdong,19,Guangdong,Hydrogen,0.0,28951719.488581292,structural_zero,0.0
2,Region19Guangdong,19,Guangdong,Electricity,247837752.17154217,28951719.488581292,ok,8.560381094784047
2,Region20Guangxi,20,Guangxi,Investment,2958.0330818143184,37884764.05128273,ok,7.807975464253058e-05
2,Region20Guangxi,20,Guangxi,Fixed O&M,6819257529.230891,37884764.05128273,ok,179.99999999999997
2,Region20Guangxi,20,Guangxi,Variable O&M,0.0,37884764.05128273,ok,0.0
2,Region20Guangxi,20,Guangxi,Coal,3466354673.8737965,37884764.05128273,ok,91.49732776959
2,Region20Guangxi,20,Guangxi,Natural Gas,0.0,37884764.05128273,structural_zero,0.0
2,Region20Guangxi,20,Guangxi,Steel Scrap,772849186.6461678,37884764.05128273,ok,20.4
2,Region20Guangxi,20,Guangxi,DRI,0.0,37884764.05128273,structural_zero,0.0
2,Region20Guangxi,20,Guangxi,Hydrogen,0.0,37884764.05128273,structural_zero,0.0
2,Region20Guangxi,20,Guangxi,Electricity,268275427.48117334,37884764.05128273,ok,7.081354053519302
2,Region22Chongqing,22,Chongqing,Investment,3937.255405459714,11396444.014699737,ok,0.0003454810465774441
2,Region22Chongqing,22,Chongqing,Fixed O&M,2051359922.645952,11396444.014699737,ok,179.99999999999994
2,Region22Chongqing,22,Chongqing,Variable O&M,0.0,11396444.014699737,ok,0.0
2,Region22Chongqing,22,Chongqing,Coal,927052849.0128794,11396444.014699737,ok,81.34579942805998
2,Region22Chongqing,22,Chongqing,Natural Gas,0.0,11396444.014699737,structural_zero,0.0
2,Region22Chongqing,22,Chongqing,Steel Scrap,232487457.8998746,11396444.014699737,ok,20.4
2,Region22Chongqing,22,Chongqing,DRI,0.0,11396444.014699737,structural_zero,0.0
2,Region22Chongqing,22,Chongqing,Hydrogen,0.0,11396444.014699737,structural_zero,0.0
2,Region22Chongqing,22,Chongqing,Electricity,81376264.30636437,11396444.014699737,ok,7.140496123299598
2,Region23Sichuan,23,Sichuan,Investment,3019.0932163173725,18150382.60513266,ok,0.00016633771761172776
2,Region23Sichuan,23,Sichuan,Fixed O&M,3267068868.9238796,18150382.60513266,ok,180.00000000000003
2,Region23Sichuan,23,Sichuan,Variable O&M,0.0,18150382.60513266,ok,0.0
2,Region23Sichuan,23,Sichuan,Coal,1573433237.1276,18150382.60513266,ok,86.68870906791001
2,Region23Sichuan,23,Sichuan,Natural Gas,0.0,18150382.60513266,structural_zero,0.0
2,Region23Sichuan,23,Sichuan,Steel Scrap,370267805.1447064,18150382.60513266,ok,20.400000000000006
2,Region23Sichuan,23,Sichuan,DRI,0.0,18150382.60513266,structural_zero,0.0
2,Region23Sichuan,23,Sichuan,Hydrogen,0.0,18150382.60513266,structural_zero,0.0
2,Region23Sichuan,23,Sichuan,Electricity,132682949.25656347,18150382.60513266,ok,7.310201230636465
2,Region24Guizhou,24,Guizhou,Investment,16833.58569354743,3503898.5756505723,ok,0.004804244566474622
2,Region24Guizhou,24,Guizhou,Fixed O&M,630701743.617103,3503898.5756505723,ok,180.0
2,Region24Guizhou,24,Guizhou,Variable O&M,0.0,3503898.5756505723,ok,0.0
2,Region24Guizhou,24,Guizhou,Coal,231672542.2967446,3503898.5756505723,ok,66.11850694158
2,Region24Guizhou,24,Guizhou,Natural Gas,0.0,3503898.5756505723,structural_zero,0.0
2,Region24Guizhou,24,Guizhou,Steel Scrap,71479530.94327167,3503898.5756505723,ok,20.4
2,Region24Guizhou,24,Guizhou,DRI,0.0,3503898.5756505723,structural_zero,0.0
2,Region24Guizhou,24,Guizhou,Hydrogen,0.0,3503898.5756505723,structural_zero,0.0
2,Region24Guizhou,24,Guizhou,Electricity,23840626.530547015,3503898.5756505723,ok,6.804028717104205
2,Region25Yunnan,25,Yunnan,Investment,5565362.898791533,12956546.650427068,ok,0.42954060591508697
2,Region25Yunnan,25,Yunnan,Fixed O&M,2332178397.0768723,12956546.650427068,ok,180.0
2,Region25Yunnan,25,Yunnan,Variable O&M,0.0,12956546.650427068,ok,0.0
2,Region25Yunnan,25,Yunnan,Coal,732061334.5803015,12956546.650427068,ok,56.50126953822002
2,Region25Yunnan,25,Yunnan,Natural Gas,0.0,12956546.650427068,structural_zero,0.0
2,Region25Yunnan,25,Yunnan,Steel Scrap,264313551.66871226,12956546.650427068,ok,20.400000000000006
2,Region25Yunnan,25,Yunnan,DRI,0.0,12956546.650427068,structural_zero,0.0
2,Region25Yunnan,25,Yunnan,Hydrogen,0.0,12956546.650427068,structural_zero,0.0
2,Region25Yunnan,25,Yunnan,Electricity,90510360.97217777,12956546.650427068,ok,6.9856855699426985
2,Region27Shaanxi,27,Shaanxi,Investment,3927.869903918722,12097550.943173673,ok,0.00032468306373490536
2,Region27Shaanxi,27,Shaanxi,Fixed O&M,2177559169.771261,12097550.943173673,ok,180.0
2,Region27Shaanxi,27,Shaanxi,Variable O&M,0.0,12097550.943173673,ok,0.0
2,Region27Shaanxi,27,Shaanxi,Coal,715845047.6813309,12097550.943173673,ok,59.17272438395999
2,Region27Shaanxi,27,Shaanxi,Natural Gas,0.0,12097550.943173673,structural_zero,0.0
2,Region27Shaanxi,27,Shaanxi,Steel Scrap,246790039.24074295,12097550.943173673,ok,20.400000000000002
2,Region27Shaanxi,27,Shaanxi,DRI,0.0,12097550.943173673,structural_zero,0.0
2,Region27Shaanxi,27,Shaanxi,Hydrogen,0.0,12097550.943173673,structural_zero,0.0
2,Region27Shaanxi,27,Shaanxi,Electricity,78272991.47176811,12097550.943173673,ok,6.470151838123524
2,Region28Gansu,28,Gansu,Investment,2622.823904504813,10003083.761012068,ok,0.0002622015337637688
2,Region28Gansu,28,Gansu,Fixed O&M,1800555076.9821725,10003083.761012068,ok,180.00000000000003
2,Region28Gansu,28,Gansu,Variable O&M,0.0,10003083.761012068,ok,0.0
2,Region28Gansu,28,Gansu,Coal,706817699.4590359,10003083.761012068,ok,70.65998009673001
2,Region28Gansu,28,Gansu,Natural Gas,0.0,10003083.761012068,structural_zero,0.0
2,Region28Gansu,28,Gansu,Steel Scrap,204062908.72464615,10003083.761012068,ok,20.399999999999995
2,Region28Gansu,28,Gansu,DRI,0.0,10003083.761012068,structural_zero,0.0
2,Region28Gansu,28,Gansu,Hydrogen,0.0,10003083.761012068,structural_zero,0.0
2,Region28Gansu,28,Gansu,Electricity,62253437.91124845,10003083.761012068,ok,6.2234246356995335
2,Region29Qinghai,29,Qinghai,Investment,2522.9694828641,902231.4575662825,ok,0.0027963661228014207
2,Region29Qinghai,29,Qinghai,Fixed O&M,162401662.36193082,902231.4575662825,ok,179.99999999999997
2,Region29Qinghai,29,Qinghai,Variable O&M,0.0,902231.4575662825,ok,0.0
2,Region29Qinghai,29,Qinghai,Coal,58449061.590360835,902231.4575662825,ok,64.78277951871
2,Region29Qinghai,29,Qinghai,Natural Gas,0.0,902231.4575662825,structural_zero,0.0
2,Region29Qinghai,29,Qinghai,Steel Scrap,18405521.73435216,902231.4575662825,ok,20.4
2,Region29Qinghai,29,Qinghai,DRI,0.0,902231.4575662825,structural_zero,0.0
2,Region29Qinghai,29,Qinghai,Hydrogen,0.0,902231.4575662825,structural_zero,0.0
2,Region29Qinghai,29,Qinghai,Electricity,5923525.4523958415,902231.4575662825,ok,6.565416670766735
2,Region30Ningxia,30,Ningxia,Investment,2568.7178327132806,5299620.880543776,ok,0.0004846984134551363
2,Region30Ningxia,30,Ningxia,Fixed O&M,953931758.4978796,5299620.880543776,ok,180.0
2,Region30Ningxia,30,Ningxia,Variable O&M,0.0,5299620.880543776,ok,0.0
2,Region30Ningxia,30,Ningxia,Coal,277490876.35127413,5299620.880543776,ok,52.36051457378999
2,Region30Ningxia,30,Ningxia,Natural Gas,0.0,5299620.880543776,structural_zero,0.0
2,Region30Ningxia,30,Ningxia,Steel Scrap,108112265.96309304,5299620.880543776,ok,20.400000000000002
2,Region30Ningxia,30,Ningxia,DRI,0.0,5299620.880543776,structural_zero,0.0
2,Region30Ningxia,30,Ningxia,Hydrogen,0.0,5299620.880543776,structural_zero,0.0
2,Region30Ningxia,30,Ningxia,Electricity,36371301.41088988,5299620.880543776,ok,6.863000624142372
2,Region31Xinjiang,31,Xinjiang,Investment,2078.182721196424,13781508.317192048,ok,0.0001507950126622896
2,Region31Xinjiang,31,Xinjiang,Fixed O&M,2480671497.0945683,13781508.317192048,ok,179.99999999999997
2,Region31Xinjiang,31,Xinjiang,Variable O&M,0.0,13781508.317192048,ok,0.0
2,Region31Xinjiang,31,Xinjiang,Coal,441800122.6914371,13781508.317192048,ok,32.057457901056
2,Region31Xinjiang,31,Xinjiang,Natural Gas,0.0,13781508.317192048,structural_zero,0.0
2,Region31Xinjiang,31,Xinjiang,Steel Scrap,281142769.6707178,13781508.317192048,ok,20.4
2,Region31Xinjiang,31,Xinjiang,DRI,0.0,13781508.317192048,structural_zero,0.0
2,Region31Xinjiang,31,Xinjiang,Hydrogen,0.0,13781508.317192048,structural_zero,0.0
2,Region31Xinjiang,31,Xinjiang,Electricity,68032644.43412296,13781508.317192048,ok,4.93651658935286
3,Region1Beijing,1,Beijing,Investment,2427.5066846880227,30968374.36589262,ok,7.838663586299143e-05
3,Region1Beijing,1,Beijing,Fixed O&M,5574307385.860672,30968374.36589262,ok,180.00000000000003
3,Region1Beijing,1,Beijing,Variable O&M,0.0,30968374.36589262,ok,0.0
3,Region1Beijing,1,Beijing,Coal,2068265328.1223845,30968374.36589262,ok,66.78637062720001
3,Region1Beijing,1,Beijing,Natural Gas,0.0,30968374.36589262,structural_zero,0.0
3,Region1Beijing,1,Beijing,Steel Scrap,631754837.0642097,30968374.36589262,ok,20.40000000000001
3,Region1Beijing,1,Beijing,DRI,0.0,30968374.36589262,structural_zero,0.0
3,Region1Beijing,1,Beijing,Hydrogen,0.0,30968374.36589262,structural_zero,0.0
3,Region1Beijing,1,Beijing,Electricity,254559371.9540916,30968374.36589262,ok,8.219978515709677
3,Region2Tianjin,2,Tianjin,Investment,2056.5119521947004,153.6615961524478,ok,13.383382729894548
3,Region2Tianjin,2,Tianjin,Fixed O&M,27659.087307440674,153.6615961524478,ok,180.00000000000045
3,Region2Tianjin,2,Tianjin,Variable O&M,0.0,153.6615961524478,ok,0.0
3,Region2Tianjin,2,Tianjin,Coal,11309.27534456062,153.6615961524478,ok,73.59858043737016
3,Region2Tianjin,2,Tianjin,Natural Gas,0.0,153.6615961524478,structural_zero,0.0
3,Region2Tianjin,2,Tianjin,Steel Scrap,3134.6965615098675,153.6615961524478,ok,20.39999999999956
3,Region2Tianjin,2,Tianjin,DRI,0.0,153.6615961524478,structural_zero,0.0
3,Region2Tianjin,2,Tianjin,Hydrogen,0.0,153.6615961524478,structural_zero,0.0
3,Region2Tianjin,2,Tianjin,Electricity,1250.5556847422486,153.6615961524478,ok,8.138374948946717
3,Region3Hebei,3,Hebei,Investment,2376.7770255593337,170956496.51894465,ok,1.390281781596963e-05
3,Region3Hebei,3,Hebei,Fixed O&M,30772169373.41004,170956496.51894465,ok,180.00000000000003
3,Region3Hebei,3,Hebei,Variable O&M,0.0,170956496.51894465,ok,0.0
3,Region3Hebei,3,Hebei,Coal,10047456263.359547,170956496.51894465,ok,58.77200614161002
3,Region3Hebei,3,Hebei,Natural Gas,0.0,170956496.51894465,structural_zero,0.0
3,Region3Hebei,3,Hebei,Steel Scrap,3487512528.9864707,170956496.51894465,ok,20.4
3,Region3Hebei,3,Hebei,DRI,0.0,170956496.51894465,structural_zero,0.0
3,Region3Hebei,3,Hebei,Hydrogen,0.0,170956496.51894465,structural_zero,0.0
3,Region3Hebei,3,Hebei,Electricity,1347623017.8267345,170956496.51894465,ok,7.882841806350406
3,Region4Shanxi,4,Shanxi,Investment,2784.1042729421742,58690020.850823104,ok,4.7437438811254545e-05
3,Region4Shanxi,4,Shanxi,Fixed O&M,10564203753.14816,58690020.850823104,ok,180.00000000000003
3,Region4Shanxi,4,Shanxi,Variable O&M,0.0,58690020.850823104,ok,0.0
3,Region4Shanxi,4,Shanxi,Coal,3159272949.727761,58690020.850823104,ok,53.829814744109996
3,Region4Shanxi,4,Shanxi,Natural Gas,0.0,58690020.850823104,structural_zero,0.0
3,Region4Shanxi,4,Shanxi,Steel Scrap,1197276425.3567915,58690020.850823104,ok,20.400000000000002
3,Region4Shanxi,4,Shanxi,DRI,0.0,58690020.850823104,structural_zero,0.0
3,Region4Shanxi,4,Shanxi,Hydrogen,0.0,58690020.850823104,structural_zero,0.0
3,Region4Shanxi,4,Shanxi,Electricity,449359186.2954526,58690020.850823104,ok,7.65648367100811
3,Region5Innermongolia,5,Innermongolia,Investment,3183.1969964535115,27452517.97982815,ok,0.00011595282439273857
3,Region5Innermongolia,5,Innermongolia,Fixed O&M,4941453236.369066,27452517.97982815,ok,179.99999999999997
3,Region5Innermongolia,5,Innermongolia,Variable O&M,0.0,27452517.97982815,ok,0.0
3,Region5Innermongolia,5,Innermongolia,Coal,938728468.7390928,27452517.97982815,ok,34.194621762159
3,Region5Innermongolia,5,Innermongolia,Natural Gas,0.0,27452517.97982815,structural_zero,0.0
3,Region5Innermongolia,5,Innermongolia,Steel Scrap,560031366.7884942,27452517.97982815,ok,20.4
3,Region5Innermongolia,5,Innermongolia,DRI,0.0,27452517.97982815,structural_zero,0.0
3,Region5Innermongolia,5,Innermongolia,Hydrogen,0.0,27452517.97982815,structural_zero,0.0
3,Region5Innermongolia,5,Innermongolia,Electricity,185614150.79871553,27452517.97982815,ok,6.761279636902636
3,Region6Liaoning,6,Liaoning,Investment,2290.1770641640487,13915226.63655389,ok,0.00016458065139578724
3,Region6Liaoning,6,Liaoning,Fixed O&M,2504740794.5797,13915226.63655389,ok,180.0
3,Region6Liaoning,6,Liaoning,Variable O&M,0.0,13915226.63655389,ok,0.0
3,Region6Liaoning,6,Liaoning,Coal,996260502.5530226,13915226.63655389,ok,71.59498932888002
3,Region6Liaoning,6,Liaoning,Natural Gas,0.0,13915226.63655389,structural_zero,0.0
3,Region6Liaoning,6,Liaoning,Steel Scrap,283870623.3856994,13915226.63655389,ok,20.400000000000002
3,Region6Liaoning,6,Liaoning,DRI,0.0,13915226.63655389,structural_zero,0.0
3,Region6Liaoning,6,Liaoning,Hydrogen,0.0,13915226.63655389,structural_zero,0.0
3,Region6Liaoning,6,Liaoning,Electricity,101127943.38714321,13915226.63655389,ok,7.267430565700623
3,Region7Jilin,7,Jilin,Investment,2156.7138072156395,12556242.844513573,ok,0.0001717642637150819
3,Region7Jilin,7,Jilin,Fixed O&M,2260123712.0124435,12556242.844513573,ok,180.00000000000003
3,Region7Jilin,7,Jilin,Variable O&M,0.0,12556242.844513573,ok,0.0
3,Region7Jilin,7,Jilin,Coal,935861851.3155427,12556242.844513573,ok,74.53358961789002
3,Region7Jilin,7,Jilin,Natural Gas,0.0,12556242.844513573,structural_zero,0.0
3,Region7Jilin,7,Jilin,Steel Scrap,256147354.0280769,12556242.844513573,ok,20.4
3,Region7Jilin,7,Jilin,DRI,0.0,12556242.844513573,structural_zero,0.0
3,Region7Jilin,7,Jilin,Hydrogen,0.0,12556242.844513573,structural_zero,0.0
3,Region7Jilin,7,Jilin,Electricity,72207878.38853192,12556242.844513573,ok,5.75075516479701
3,Region8Heilongjiang,8,Heilongjiang,Investment,2233.036361706831,9152729.87126802,ok,0.00024397490072516106
3,Region8Heilongjiang,8,Heilongjiang,Fixed O&M,1647491376.8282435,9152729.87126802,ok,180.0
3,Region8Heilongjiang,8,Heilongjiang,Variable O&M,0.0,9152729.87126802,ok,0.0
3,Region8Heilongjiang,8,Heilongjiang,Coal,622280606.4407516,9152729.87126802,ok,67.98852530261999
3,Region8Heilongjiang,8,Heilongjiang,Natural Gas,0.0,9152729.87126802,structural_zero,0.0
3,Region8Heilongjiang,8,Heilongjiang,Steel Scrap,186715689.37386763,9152729.87126802,ok,20.400000000000006
3,Region8Heilongjiang,8,Heilongjiang,DRI,0.0,9152729.87126802,structural_zero,0.0
3,Region8Heilongjiang,8,Heilongjiang,Hydrogen,0.0,9152729.87126802,structural_zero,0.0
3,Region8Heilongjiang,8,Heilongjiang,Electricity,54191085.605930164,9152729.87126802,ok,5.92075657952555
3,Region9Shanghai,9,Shanghai,Investment,2819.309801911392,16196280.640254544,ok,0.00017407143433315335
3,Region9Shanghai,9,Shanghai,Fixed O&M,2915330515.245818,16196280.640254544,ok,180.0
3,Region9Shanghai,9,Shanghai,Variable O&M,0.0,16196280.640254544,ok,0.0
3,Region9Shanghai,9,Shanghai,Coal,1176879591.5628622,16196280.640254544,ok,72.66357120522
3,Region9Shanghai,9,Shanghai,Natural Gas,0.0,16196280.640254544,structural_zero,0.0
3,Region9Shanghai,9,Shanghai,Steel Scrap,330404125.0611927,16196280.640254544,ok,20.4
3,Region9Shanghai,9,Shanghai,DRI,0.0,16196280.640254544,structural_zero,0.0
3,Region9Shanghai,9,Shanghai,Hydrogen,0.0,16196280.640254544,structural_zero,0.0
3,Region9Shanghai,9,Shanghai,Electricity,144706576.90503964,16196280.640254544,ok,8.93455603290691
3,Region10Jiangsu,10,Jiangsu,Investment,2640.6260100392906,102723904.8304458,ok,2.5706051715984313e-05
3,Region10Jiangsu,10,Jiangsu,Fixed O&M,18490302869.480244,102723904.8304458,ok,180.0
3,Region10Jiangsu,10,Jiangsu,Variable O&M,0.0,102723904.8304458,ok,0.0
3,Region10Jiangsu,10,Jiangsu,Coal,7971966982.503249,102723904.8304458,ok,77.60576270598
3,Region10Jiangsu,10,Jiangsu,Natural Gas,0.0,102723904.8304458,structural_zero,0.0
3,Region10Jiangsu,10,Jiangsu,Steel Scrap,2095567658.5410948,102723904.8304458,ok,20.400000000000006
3,Region10Jiangsu,10,Jiangsu,DRI,0.0,102723904.8304458,structural_zero,0.0
3,Region10Jiangsu,10,Jiangsu,Hydrogen,0.0,102723904.8304458,structural_zero,0.0
3,Region10Jiangsu,10,Jiangsu,Electricity,934998897.069901,102723904.8304458,ok,9.102057584485259
3,Region11Zhejiang,11,Zhejiang,Investment,3003.8520272483943,8995101.569048103,ok,0.00033394309160271924
3,Region11Zhejiang,11,Zhejiang,Fixed O&M,1619118282.4286587,8995101.569048103,ok,180.00000000000003
3,Region11Zhejiang,11,Zhejiang,Variable O&M,0.0,8995101.569048103,ok,0.0
3,Region11Zhejiang,11,Zhejiang,Coal,676444711.0695176,8995101.569048103,ok,75.20145335514
3,Region11Zhejiang,11,Zhejiang,Natural Gas,0.0,8995101.569048103,structural_zero,0.0
3,Region11Zhejiang,11,Zhejiang,Steel Scrap,183500072.00858134,8995101.569048103,ok,20.400000000000006
3,Region11Zhejiang,11,Zhejiang,DRI,0.0,8995101.569048103,structural_zero,0.0
3,Region11Zhejiang,11,Zhejiang,Hydrogen,0.0,8995101.569048103,structural_zero,0.0
3,Region11Zhejiang,11,Zhejiang,Electricity,75518865.24588339,8995101.569048103,ok,8.395554476643346
3,Region12Anhui,12,Anhui,Investment,2564.488711793032,32453909.156293593,ok,7.90194087079866e-05
3,Region12Anhui,12,Anhui,Fixed O&M,5841703648.132847,32453909.156293593,ok,180.0
3,Region12Anhui,12,Anhui,Variable O&M,0.0,32453909.156293593,ok,0.0
3,Region12Anhui,12,Anhui,Coal,2648659100.5073366,32453909.156293593,ok,81.61294492296001
3,Region12Anhui,12,Anhui,Natural Gas,0.0,32453909.156293593,structural_zero,0.0
3,Region12Anhui,12,Anhui,Steel Scrap,662059746.7883894,32453909.156293593,ok,20.400000000000006
3,Region12Anhui,12,Anhui,DRI,0.0,32453909.156293593,structural_zero,0.0
3,Region12Anhui,12,Anhui,Hydrogen,0.0,32453909.156293593,structural_zero,0.0
3,Region12Anhui,12,Anhui,Electricity,275233045.3708285,32453909.156293593,ok,8.480736297292994
3,Region13Fujian,13,Fujian,Investment,3081.9790520530164,25254176.267106034,ok,0.00012203839156960915
3,Region13Fujian,13,Fujian,Fixed O&M,4545751728.079086,25254176.267106034,ok,180.0
3,Region13Fujian,13,Fujian,Variable O&M,0.0,25254176.267106034,ok,0.0
3,Region13Fujian,13,Fujian,Coal,1926136914.9380565,25254176.267106034,ok,76.27003528311
3,Region13Fujian,13,Fujian,Natural Gas,0.0,25254176.267106034,structural_zero,0.0
3,Region13Fujian,13,Fujian,Steel Scrap,515185195.84896326,25254176.267106034,ok,20.400000000000006
3,Region13Fujian,13,Fujian,DRI,0.0,25254176.267106034,structural_zero,0.0
3,Region13Fujian,13,Fujian,Hydrogen,0.0,25254176.267106034,structural_zero,0.0
3,Region13Fujian,13,Fujian,Electricity,203128302.28433594,25254176.267106034,ok,8.043354894489818
3,Region14Jiangxi,14,Jiangxi,Investment,2378.8453368005166,20144287.876779944,ok,0.00011809031678615855
3,Region14Jiangxi,14,Jiangxi,Fixed O&M,3625971817.8203897,20144287.876779944,ok,180.0
3,Region14Jiangxi,14,Jiangxi,Variable O&M,0.0,20144287.876779944,ok,0.0
3,Region14Jiangxi,14,Jiangxi,Coal,1853911421.015164,20144287.876779944,ok,92.03161870775999
3,Region14Jiangxi,14,Jiangxi,Natural Gas,0.0,20144287.876779944,structural_zero,0.0
3,Region14Jiangxi,14,Jiangxi,Steel Scrap,410943472.6863108,20144287.876779944,ok,20.4
3,Region14Jiangxi,14,Jiangxi,DRI,0.0,20144287.876779944,structural_zero,0.0
3,Region14Jiangxi,14,Jiangxi,Hydrogen,0.0,20144287.876779944,structural_zero,0.0
3,Region14Jiangxi,14,Jiangxi,Electricity,155188995.128786,20144287.876779944,ok,7.703870996982242
3,Region15Shandong,15,Shandong,Investment,950.6223515872468,25.563068843867576,ok,37.187332921309064
3,Region15Shandong,15,Shandong,Fixed O&M,4601.35239189624,25.563068843867576,ok,180.00000000000298
3,Region15Shandong,15,Shandong,Variable O&M,0.0,25.563068843867576,ok,0.0
3,Region15Shandong,15,Shandong,Coal,2024.8158041589436,25.563068843867576,ok,79.20863557212085
3,Region15Shandong,15,Shandong,Natural Gas,0.0,25.563068843867576,structural_zero,0.0
3,Region15Shandong,15,Shandong,Steel Scrap,521.4866044146517,25.563068843867576,ok,20.399999999990342
3,Region15Shandong,15,Shandong,DRI,0.0,25.563068843867576,structural_zero,0.0
3,Region15Shandong,15,Shandong,Hydrogen,0.0,25.563068843867576,structural_zero,0.0
3,Region15Shandong,15,Shandong,Electricity,211.1723273381952,25.563068843867576,ok,8.260836311476513
3,Region16Henan,16,Henan,Investment,2349.313563927953,107.36251417575059,ok,21.88206546730237
3,Region16Henan,16,Henan,Fixed O&M,19325.252551635134,107.36251417575059,ok,180.00000000000026
3,Region16Henan,16,Henan,Variable O&M,0.0,107.36251417575059,ok,0.0
3,Region16Henan,16,Henan,Coal,8618.763901843231,107.36251417575059,ok,80.27721750009005
3,Region16Henan,16,Henan,Natural Gas,0.0,107.36251417575059,structural_zero,0.0
3,Region16Henan,16,Henan,Steel Scrap,2190.1952891851847,107.36251417575059,ok,20.399999999998816
3,Region16Henan,16,Henan,DRI,0.0,107.36251417575059,structural_zero,0.0
3,Region16Henan,16,Henan,Hydrogen,0.0,107.36251417575059,structural_zero,0.0
3,Region16Henan,16,Henan,Electricity,892.4813207083756,107.36251417575059,ok,8.312783354229197
3,Region17Hubei,17,Hubei,Investment,2337.9404470384125,28468842.47033919,ok,8.212277859467734e-05
3,Region17Hubei,17,Hubei,Fixed O&M,5124391644.661054,28468842.47033919,ok,179.99999999999997
3,Region17Hubei,17,Hubei,Variable O&M,0.0,28468842.47033919,ok,0.0
3,Region17Hubei,17,Hubei,Coal,2509756477.5018764,28468842.47033919,ok,88.15800923822998
3,Region17Hubei,17,Hubei,Natural Gas,0.0,28468842.47033919,structural_zero,0.0
3,Region17Hubei,17,Hubei,Steel Scrap,580764386.3949195,28468842.47033919,ok,20.400000000000002
3,Region17Hubei,17,Hubei,DRI,0.0,28468842.47033919,structural_zero,0.0
3,Region17Hubei,17,Hubei,Hydrogen,0.0,28468842.47033919,structural_zero,0.0
3,Region17Hubei,17,Hubei,Electricity,227454977.6415593,28468842.47033919,ok,7.989611024000629
3,Region18Hunan,18,Hunan,Investment,2315.454037872924,18199920.41618177,ok,0.00012722330564776676
3,Region18Hunan,18,Hunan,Fixed O&M,3275985674.9127183,18199920.41618177,ok,180.0
3,Region18Hunan,18,Hunan,Variable O&M,0.0,18199920.41618177,ok,0.0
3,Region18Hunan,18,Hunan,Coal,1684692189.7470603,18199920.41618177,ok,92.56590969756
3,Region18Hunan,18,Hunan,Natural Gas,0.0,18199920.41618177,structural_zero,0.0
3,Region18Hunan,18,Hunan,Steel Scrap,371278376.49010813,18199920.41618177,ok,20.400000000000002
3,Region18Hunan,18,Hunan,DRI,0.0,18199920.41618177,structural_zero,0.0
3,Region18Hunan,18,Hunan,Hydrogen,0.0,18199920.41618177,structural_zero,0.0
3,Region18Hunan,18,Hunan,Electricity,128638911.99643019,18199920.41618177,ok,7.068102994673305
3,Region19Guangdong,19,Guangdong,Investment,4845.810238093547,28951370.58367554,ok,0.00016737757627357012
3,Region19Guangdong,19,Guangdong,Fixed O&M,5211246705.061598,28951370.58367554,ok,180.00000000000003
3,Region19Guangdong,19,Guangdong,Variable O&M,0.0,28951370.58367554,ok,0.0
3,Region19Guangdong,19,Guangdong,Coal,2293198561.8757515,28951370.58367554,ok,79.20863557212002
3,Region19Guangdong,19,Guangdong,Natural Gas,0.0,28951370.58367554,structural_zero,0.0
3,Region19Guangdong,19,Guangdong,Steel Scrap,590607959.906981,28951370.58367554,ok,20.4
3,Region19Guangdong,19,Guangdong,DRI,0.0,28951370.58367554,structural_zero,0.0
3,Region19Guangdong,19,Guangdong,Hydrogen,0.0,28951370.58367554,structural_zero,0.0
3,Region19Guangdong,19,Guangdong,Electricity,278576478.1273299,28951370.58367554,ok,9.622220727760897
3,Region20Guangxi,20,Guangxi,Investment,2390.0558932703757,37883905.86282122,ok,6.308895133265405e-05
3,Region20Guangxi,20,Guangxi,Fixed O&M,6819103055.30782,37883905.86282122,ok,180.0
3,Region20Guangxi,20,Guangxi,Variable O&M,0.0,37883905.86282122,ok,0.0
3,Region20Guangxi,20,Guangxi,Coal,3466276151.922846,37883905.86282122,ok,91.49732776959
3,Region20Guangxi,20,Guangxi,Natural Gas,0.0,37883905.86282122,structural_zero,0.0
3,Region20Guangxi,20,Guangxi,Steel Scrap,772831679.6015533,37883905.86282122,ok,20.40000000000001
3,Region20Guangxi,20,Guangxi,DRI,0.0,37883905.86282122,structural_zero,0.0
3,Region20Guangxi,20,Guangxi,Hydrogen,0.0,37883905.86282122,structural_zero,0.0
3,Region20Guangxi,20,Guangxi,Electricity,282691653.59127486,37883905.86282122,ok,7.462051421384848
3,Region22Chongqing,22,Chongqing,Investment,2844.11341674217,11396028.981255513,ok,0.0002495705672054926
3,Region22Chongqing,22,Chongqing,Fixed O&M,2051285216.625992,11396028.981255513,ok,179.99999999999997
3,Region22Chongqing,22,Chongqing,Variable O&M,0.0,11396028.981255513,ok,0.0
3,Region22Chongqing,22,Chongqing,Coal,927019087.7855699,11396028.981255513,ok,81.34579942806
3,Region22Chongqing,22,Chongqing,Natural Gas,0.0,11396028.981255513,structural_zero,0.0
3,Region22Chongqing,22,Chongqing,Steel Scrap,232478991.21761248,11396028.981255513,ok,20.400000000000002
3,Region22Chongqing,22,Chongqing,DRI,0.0,11396028.981255513,structural_zero,0.0
3,Region22Chongqing,22,Chongqing,Hydrogen,0.0,11396028.981255513,structural_zero,0.0
3,Region22Chongqing,22,Chongqing,Electricity,86196010.94546318,11396028.981255513,ok,7.563688288897882
3,Region23Sichuan,23,Sichuan,Investment,2414.9707941880056,18150014.228149436,ok,0.00013305613779864426
3,Region23Sichuan,23,Sichuan,Fixed O&M,3267002561.0668983,18150014.228149436,ok,180.0
3,Region23Sichuan,23,Sichuan,Variable O&M,0.0,18150014.228149436,ok,0.0
3,Region23Sichuan,23,Sichuan,Coal,1573401303.0024734,18150014.228149436,ok,86.68870906790998
3,Region23Sichuan,23,Sichuan,Natural Gas,0.0,18150014.228149436,structural_zero,0.0
3,Region23Sichuan,23,Sichuan,Steel Scrap,370260290.2542485,18150014.228149436,ok,20.4
3,Region23Sichuan,23,Sichuan,DRI,0.0,18150014.228149436,structural_zero,0.0
3,Region23Sichuan,23,Sichuan,Hydrogen,0.0,18150014.228149436,structural_zero,0.0
3,Region23Sichuan,23,Sichuan,Electricity,137116606.49889168,18150014.228149436,ok,7.55462804465647
3,Region24Guizhou,24,Guizhou,Investment,4466.059564263631,3503847.327995954,ok,0.001274615913935388
3,Region24Guizhou,24,Guizhou,Fixed O&M,630692519.0392717,3503847.327995954,ok,180.0
3,Region24Guizhou,24,Guizhou,Variable O&M,0.0,3503847.327995954,ok,0.0
3,Region24Guizhou,24,Guizhou,Coal,231669153.87833703,3503847.327995954,ok,66.11850694158
3,Region24Guizhou,24,Guizhou,Natural Gas,0.0,3503847.327995954,structural_zero,0.0
3,Region24Guizhou,24,Guizhou,Steel Scrap,71478485.49111746,3503847.327995954,ok,20.4
3,Region24Guizhou,24,Guizhou,DRI,0.0,3503847.327995954,structural_zero,0.0
3,Region24Guizhou,24,Guizhou,Hydrogen,0.0,3503847.327995954,structural_zero,0.0
3,Region24Guizhou,24,Guizhou,Electricity,24674993.106478795,3503847.327995954,ok,7.042256924074315
3,Region25Yunnan,25,Yunnan,Investment,6598.4711853321305,12947227.320254494,ok,0.000509643572489807
3,Region25Yunnan,25,Yunnan,Fixed O&M,2330500917.6458087,12947227.320254494,ok,180.0
3,Region25Yunnan,25,Yunnan,Variable O&M,0.0,12947227.320254494,ok,0.0
3,Region25Yunnan,25,Yunnan,Coal,731534780.594305,12947227.320254494,ok,56.50126953822001
3,Region25Yunnan,25,Yunnan,Natural Gas,0.0,12947227.320254494,structural_zero,0.0
3,Region25Yunnan,25,Yunnan,Steel Scrap,264123437.33319166,12947227.320254494,ok,20.4
3,Region25Yunnan,25,Yunnan,DRI,0.0,12947227.320254494,structural_zero,0.0
3,Region25Yunnan,25,Yunnan,Hydrogen,0.0,12947227.320254494,structural_zero,0.0
3,Region25Yunnan,25,Yunnan,Electricity,99153363.44878203,12947227.320254494,ok,7.658270067883001
3,Region27Shaanxi,27,Shaanxi,Investment,2953.2029031963166,12096308.107514314,ok,0.0002441408466903853
3,Region27Shaanxi,27,Shaanxi,Fixed O&M,2177335459.3525767,12096308.107514314,ok,180.0
3,Region27Shaanxi,27,Shaanxi,Variable O&M,0.0,12096308.107514314,ok,0.0
3,Region27Shaanxi,27,Shaanxi,Coal,715771505.7094054,12096308.107514314,ok,59.17272438396001
3,Region27Shaanxi,27,Shaanxi,Natural Gas,0.0,12096308.107514314,structural_zero,0.0
3,Region27Shaanxi,27,Shaanxi,Steel Scrap,246764685.393292,12096308.107514314,ok,20.4
3,Region27Shaanxi,27,Shaanxi,DRI,0.0,12096308.107514314,structural_zero,0.0
3,Region27Shaanxi,27,Shaanxi,Hydrogen,0.0,12096308.107514314,structural_zero,0.0
3,Region27Shaanxi,27,Shaanxi,Electricity,86824613.04379821,12096308.107514314,ok,7.177777903148989
3,Region28Gansu,28,Gansu,Investment,2465.724262908411,10002162.86290747,ok,0.0002465191075874628
3,Region28Gansu,28,Gansu,Fixed O&M,1800389315.3233442,10002162.86290747,ok,179.99999999999997
3,Region28Gansu,28,Gansu,Variable O&M,0.0,10002162.86290747,ok,0.0
3,Region28Gansu,28,Gansu,Coal,706752628.8172936,10002162.86290747,ok,70.65998009673
3,Region28Gansu,28,Gansu,Natural Gas,0.0,10002162.86290747,structural_zero,0.0
3,Region28Gansu,28,Gansu,Steel Scrap,204044122.40331236,10002162.86290747,ok,20.4
3,Region28Gansu,28,Gansu,DRI,0.0,10002162.86290747,structural_zero,0.0
3,Region28Gansu,28,Gansu,Hydrogen,0.0,10002162.86290747,structural_zero,0.0
3,Region28Gansu,28,Gansu,Electricity,60448879.12648146,10002162.86290747,ok,6.043580768980793
3,Region29Qinghai,29,Qinghai,Investment,2610.418329867733,902184.9252912595,ok,0.0028934404207928777
3,Region29Qinghai,29,Qinghai,Fixed O&M,162393286.55242673,902184.9252912595,ok,180.0
3,Region29Qinghai,29,Qinghai,Variable O&M,0.0,902184.9252912595,ok,0.0
3,Region29Qinghai,29,Qinghai,Coal,58446047.10024752,902184.9252912595,ok,64.78277951871
3,Region29Qinghai,29,Qinghai,Natural Gas,0.0,902184.9252912595,structural_zero,0.0
3,Region29Qinghai,29,Qinghai,Steel Scrap,18404572.4759417,902184.9252912595,ok,20.400000000000006
3,Region29Qinghai,29,Qinghai,DRI,0.0,902184.9252912595,structural_zero,0.0
3,Region29Qinghai,29,Qinghai,Hydrogen,0.0,902184.9252912595,structural_zero,0.0
3,Region29Qinghai,29,Qinghai,Electricity,6533619.736927501,902184.9252912595,ok,7.241996129361395
3,Region30Ningxia,30,Ningxia,Investment,2999.5021616753693,5299560.807807893,ok,0.0005659907057309683
3,Region30Ningxia,30,Ningxia,Fixed O&M,953920945.4054208,5299560.807807893,ok,180.00000000000003
3,Region30Ningxia,30,Ningxia,Variable O&M,0.0,5299560.807807893,ok,0.0
3,Region30Ningxia,30,Ningxia,Coal,277487730.9119115,5299560.807807893,ok,52.360514573790006
3,Region30Ningxia,30,Ningxia,Natural Gas,0.0,5299560.807807893,structural_zero,0.0
3,Region30Ningxia,30,Ningxia,Steel Scrap,108111040.47928102,5299560.807807893,ok,20.400000000000002
3,Region30Ningxia,30,Ningxia,DRI,0.0,5299560.807807893,structural_zero,0.0
3,Region30Ningxia,30,Ningxia,Hydrogen,0.0,5299560.807807893,structural_zero,0.0
3,Region30Ningxia,30,Ningxia,Electricity,38255225.605574146,5299560.807807893,ok,7.2185652722792355
3,Region31Xinjiang,31,Xinjiang,Investment,2399.3241554346537,12459283.963471297,ok,0.0001925731978233342
3,Region31Xinjiang,31,Xinjiang,Fixed O&M,2242671113.4248333,12459283.963471297,ok,179.99999999999997
3,Region31Xinjiang,31,Xinjiang,Variable O&M,0.0,12459283.963471297,ok,0.0
3,Region31Xinjiang,31,Xinjiang,Coal,399412971.1362833,12459283.963471297,ok,32.057457901056004
3,Region31Xinjiang,31,Xinjiang,Natural Gas,0.0,12459283.963471297,structural_zero,0.0
3,Region31Xinjiang,31,Xinjiang,Steel Scrap,254169392.8548145,12459283.963471297,ok,20.400000000000002
3,Region31Xinjiang,31,Xinjiang,DRI,0.0,12459283.963471297,structural_zero,0.0
3,Region31Xinjiang,31,Xinjiang,Hydrogen,0.0,12459283.963471297,structural_zero,0.0
3,Region31Xinjiang,31,Xinjiang,Electricity,70422345.80995055,12459283.963471297,ok,5.652198474360005
4,Region1Beijing,1,Beijing,Investment,992.4856353195772,5.085672477436104,ok,195.1532741683613
4,Region1Beijing,1,Beijing,Fixed O&M,915.4210459385412,5.085672477436104,ok,180.00000000000836
4,Region1Beijing,1,Beijing,Variable O&M,0.0,5.085672477436104,ok,0.0
4,Region1Beijing,1,Beijing,Coal,339.6536069666071,5.085672477436104,ok,66.78637062720178
4,Region1Beijing,1,Beijing,Natural Gas,0.0,5.085672477436104,structural_zero,0.0
4,Region1Beijing,1,Beijing,Steel Scrap,103.74771853970135,5.085672477436104,ok,20.40000000000095
4,Region1Beijing,1,Beijing,DRI,0.0,5.085672477436104,structural_zero,0.0
4,Region1Beijing,1,Beijing,Hydrogen,0.0,5.085672477436104,structural_zero,0.0
4,Region1Beijing,1,Beijing,Electricity,41.76585067083763,5.085672477436104,ok,8.212453880217923
4,Region2Tianjin,2,Tianjin,Investment,627.1778171777595,2.7884577683841,ok,224.9192454297798
4,Region2Tianjin,2,Tianjin,Fixed O&M,501.9223983091714,2.7884577683841,ok,180.00000000001197
4,Region2Tianjin,2,Tianjin,Variable O&M,0.0,2.7884577683841,ok,0.0
4,Region2Tianjin,2,Tianjin,Coal,205.22653336263363,2.7884577683841,ok,73.59858043737258
4,Region2Tianjin,2,Tianjin,Natural Gas,0.0,2.7884577683841,structural_zero,0.0
4,Region2Tianjin,2,Tianjin,Steel Scrap,56.88453847503941,2.7884577683841,ok,20.400000000001352
4,Region2Tianjin,2,Tianjin,DRI,0.0,2.7884577683841,structural_zero,0.0
4,Region2Tianjin,2,Tianjin,Hydrogen,0.0,2.7884577683841,structural_zero,0.0
4,Region2Tianjin,2,Tianjin,Electricity,22.715102090185052,2.7884577683841,ok,8.146116590945669
4,Region3Hebei,3,Hebei,Investment,922.0410721734715,5.429199493316196,ok,169.8300225122658
4,Region3Hebei,3,Hebei,Fixed O&M,977.255908797044,5.429199493316196,ok,180.0000000000237
4,Region3Hebei,3,Hebei,Variable O&M,0.0,5.429199493316196,ok,0.0
4,Region3Hebei,3,Hebei,Coal,319.0849459652445,5.429199493316196,ok,58.77200614161721
4,Region3Hebei,3,Hebei,Natural Gas,0.0,5.429199493316196,structural_zero,0.0
4,Region3Hebei,3,Hebei,Steel Scrap,110.755669663665,5.429199493316196,ok,20.40000000000269
4,Region3Hebei,3,Hebei,DRI,0.0,5.429199493316196,structural_zero,0.0
4,Region3Hebei,3,Hebei,Hydrogen,0.0,5.429199493316196,structural_zero,0.0
4,Region3Hebei,3,Hebei,Electricity,43.32937118194267,5.429199493316196,ok,7.980802922288046
4,Region4Shanxi,4,Shanxi,Investment,959.7095094251156,5.357082809709661,ok,179.14778313406904
4,Region4Shanxi,4,Shanxi,Fixed O&M,964.2749057478842,5.357082809709661,ok,180.0000000000271
4,Region4Shanxi,4,Shanxi,Variable O&M,0.0,5.357082809709661,ok,0.0
4,Region4Shanxi,4,Shanxi,Coal,288.37077521556876,5.357082809709661,ok,53.829814744117726
4,Region4Shanxi,4,Shanxi,Natural Gas,0.0,5.357082809709661,structural_zero,0.0
4,Region4Shanxi,4,Shanxi,Steel Scrap,109.28448931809356,5.357082809709661,ok,20.400000000003075
4,Region4Shanxi,4,Shanxi,DRI,0.0,5.357082809709661,structural_zero,0.0
4,Region4Shanxi,4,Shanxi,Hydrogen,0.0,5.357082809709661,structural_zero,0.0
4,Region4Shanxi,4,Shanxi,Electricity,42.54040418297531,5.357082809709661,ok,7.940964456601498
4,Region5Innermongolia,5,Innermongolia,Investment,1039.181843188996,5.375219517049848,ok,193.32826127245195
4,Region5Innermongolia,5,Innermongolia,Fixed O&M,967.5395130690964,5.375219517049848,ok,180.00000000002302
4,Region5Innermongolia,5,Innermongolia,Variable O&M,0.0,5.375219517049848,ok,0.0
4,Region5Innermongolia,5,Innermongolia,Coal,183.80359827411786,5.375219517049848,ok,34.194621762163344
4,Region5Innermongolia,5,Innermongolia,Natural Gas,0.0,5.375219517049848,structural_zero,0.0
4,Region5Innermongolia,5,Innermongolia,Steel Scrap,109.65447814783093,5.375219517049848,ok,20.40000000000261
4,Region5Innermongolia,5,Innermongolia,DRI,0.0,5.375219517049848,structural_zero,0.0
4,Region5Innermongolia,5,Innermongolia,Hydrogen,0.0,5.375219517049848,structural_zero,0.0
4,Region5Innermongolia,5,Innermongolia,Electricity,36.3124005242802,5.375219517049848,ok,6.755519548383023
4,Region6Liaoning,6,Liaoning,Investment,998.2087917183802,4.572545777051856,ok,218.304821950186
4,Region6Liaoning,6,Liaoning,Fixed O&M,823.0582398694327,4.572545777051856,ok,180.00000000002157
4,Region6Liaoning,6,Liaoning,Variable O&M,0.0,4.572545777051856,ok,0.0
4,Region6Liaoning,6,Liaoning,Coal,327.37136611387905,4.572545777051856,ok,71.5949893288879
4,Region6Liaoning,6,Liaoning,Natural Gas,0.0,4.572545777051856,structural_zero,0.0
4,Region6Liaoning,6,Liaoning,Steel Scrap,93.27993385186906,4.572545777051856,ok,20.40000000000245
4,Region6Liaoning,6,Liaoning,DRI,0.0,4.572545777051856,structural_zero,0.0
4,Region6Liaoning,6,Liaoning,Hydrogen,0.0,4.572545777051856,structural_zero,0.0
4,Region6Liaoning,6,Liaoning,Electricity,32.0189725661539,4.572545777051856,ok,7.0024389316880935
4,Region7Jilin,7,Jilin,Investment,944.803137346726,4.1792717661136205,ok,226.0688441003958
4,Region7Jilin,7,Jilin,Fixed O&M,752.2689179004919,4.1792717661136205,ok,180.00000000000963
4,Region7Jilin,7,Jilin,Variable O&M,0.0,4.1792717661136205,ok,0.0
4,Region7Jilin,7,Jilin,Coal,311.4961267171635,4.1792717661136205,ok,74.53358961789397
4,Region7Jilin,7,Jilin,Natural Gas,0.0,4.1792717661136205,structural_zero,0.0
4,Region7Jilin,7,Jilin,Steel Scrap,85.25714402872241,4.1792717661136205,ok,20.40000000000109
4,Region7Jilin,7,Jilin,DRI,0.0,4.1792717661136205,structural_zero,0.0
4,Region7Jilin,7,Jilin,Hydrogen,0.0,4.1792717661136205,structural_zero,0.0
4,Region7Jilin,7,Jilin,Electricity,23.945603989526596,4.1792717661136205,ok,5.729611599724715
4,Region8Heilongjiang,8,Heilongjiang,Investment,968.3682005147724,4.203674204188465,ok,230.36233387209407
4,Region8Heilongjiang,8,Heilongjiang,Fixed O&M,756.661356754045,4.203674204188465,ok,180.00000000002885
4,Region8Heilongjiang,8,Heilongjiang,Variable O&M,0.0,4.203674204188465,ok,0.0
4,Region8Heilongjiang,8,Heilongjiang,Coal,285.801609995483,4.203674204188465,ok,67.98852530263059
4,Region8Heilongjiang,8,Heilongjiang,Natural Gas,0.0,4.203674204188465,structural_zero,0.0
4,Region8Heilongjiang,8,Heilongjiang,Steel Scrap,85.75495376545844,4.203674204188465,ok,20.400000000003274
4,Region8Heilongjiang,8,Heilongjiang,DRI,0.0,4.203674204188465,structural_zero,0.0
4,Region8Heilongjiang,8,Heilongjiang,Hydrogen,0.0,4.203674204188465,structural_zero,0.0
4,Region8Heilongjiang,8,Heilongjiang,Electricity,24.204765510678804,4.203674204188465,ok,5.758002246359058
4,Region9Shanghai,9,Shanghai,Investment,1112.9001688325068,5.48549592128718,ok,202.88050247448967
4,Region9Shanghai,9,Shanghai,Fixed O&M,987.389265831791,5.48549592128718,ok,180.00000000001796
4,Region9Shanghai,9,Shanghai,Variable O&M,0.0,5.48549592128718,ok,0.0
4,Region9Shanghai,9,Shanghai,Coal,398.59572347242306,5.48549592128718,ok,72.66357120522514
4,Region9Shanghai,9,Shanghai,Natural Gas,0.0,5.48549592128718,structural_zero,0.0
4,Region9Shanghai,9,Shanghai,Steel Scrap,111.90411679426967,5.48549592128718,ok,20.40000000000204
4,Region9Shanghai,9,Shanghai,DRI,0.0,5.48549592128718,structural_zero,0.0
4,Region9Shanghai,9,Shanghai,Hydrogen,0.0,5.48549592128718,structural_zero,0.0
4,Region9Shanghai,9,Shanghai,Electricity,48.72932082945783,5.48549592128718,ok,8.883302718421021
4,Region10Jiangsu,10,Jiangsu,Investment,930.8686162685772,5.468888020264307,ok,170.21167974538068
4,Region10Jiangsu,10,Jiangsu,Fixed O&M,984.3998436477258,5.468888020264307,ok,180.0000000000275
4,Region10Jiangsu,10,Jiangsu,Variable O&M,0.0,5.468888020264307,ok,0.0
4,Region10Jiangsu,10,Jiangsu,Coal,424.4172259662636,5.468888020264307,ok,77.60576270599006
4,Region10Jiangsu,10,Jiangsu,Natural Gas,0.0,5.468888020264307,structural_zero,0.0
4,Region10Jiangsu,10,Jiangsu,Steel Scrap,111.56531561340893,5.468888020264307,ok,20.400000000003118
4,Region10Jiangsu,10,Jiangsu,DRI,0.0,5.468888020264307,structural_zero,0.0
4,Region10Jiangsu,10,Jiangsu,Hydrogen,0.0,5.468888020264307,structural_zero,0.0
4,Region10Jiangsu,10,Jiangsu,Electricity,49.758515304779806,5.468888020264307,ok,9.098470314331836
4,Region11Zhejiang,11,Zhejiang,Investment,1115.2782682850454,5.16255607359864,ok,216.03218490712166
4,Region11Zhejiang,11,Zhejiang,Fixed O&M,929.2600932477864,5.16255607359864,ok,180.00000000000603
4,Region11Zhejiang,11,Zhejiang,Variable O&M,0.0,5.16255607359864,ok,0.0
4,Region11Zhejiang,11,Zhejiang,Coal,388.231719762025,5.16255607359864,ok,75.20145335514042
4,Region11Zhejiang,11,Zhejiang,Natural Gas,0.0,5.16255607359864,structural_zero,0.0
4,Region11Zhejiang,11,Zhejiang,Steel Scrap,105.31614390141578,5.16255607359864,ok,20.40000000000068
4,Region11Zhejiang,11,Zhejiang,DRI,0.0,5.16255607359864,structural_zero,0.0
4,Region11Zhejiang,11,Zhejiang,Hydrogen,0.0,5.16255607359864,structural_zero,0.0
4,Region11Zhejiang,11,Zhejiang,Electricity,43.020444377370566,5.16255607359864,ok,8.33316747829191
4,Region12Anhui,12,Anhui,Investment,986.3955806442594,5.081620182649189,ok,194.11045005138973
4,Region12Anhui,12,Anhui,Fixed O&M,914.691632876904,5.081620182649189,ok,180.00000000000983
4,Region12Anhui,12,Anhui,Variable O&M,0.0,5.081620182649189,ok,0.0
4,Region12Anhui,12,Anhui,Coal,414.7259880859671,5.081620182649189,ok,81.61294492296332
4,Region12Anhui,12,Anhui,Natural Gas,0.0,5.081620182649189,structural_zero,0.0
4,Region12Anhui,12,Anhui,Steel Scrap,103.66505172604911,5.081620182649189,ok,20.400000000001114
4,Region12Anhui,12,Anhui,DRI,0.0,5.081620182649189,structural_zero,0.0
4,Region12Anhui,12,Anhui,Hydrogen,0.0,5.081620182649189,structural_zero,0.0
4,Region12Anhui,12,Anhui,Electricity,43.378564410286685,5.081620182649189,ok,8.536364948801081
4,Region13Fujian,13,Fujian,Investment,1037.9709165785478,5.280566703580044,ok,196.56430357651553
4,Region13Fujian,13,Fujian,Fixed O&M,950.502006644408,5.280566703580044,ok,180.0
4,Region13Fujian,13,Fujian,Variable O&M,0.0,5.280566703580044,ok,0.0
4,Region13Fujian,13,Fujian,Coal,402.74900879685873,5.280566703580044,ok,76.27003528310865
4,Region13Fujian,13,Fujian,Natural Gas,0.0,5.280566703580044,structural_zero,0.0
4,Region13Fujian,13,Fujian,Steel Scrap,107.72356075303293,5.280566703580044,ok,20.400000000000006
4,Region13Fujian,13,Fujian,DRI,0.0,5.280566703580044,structural_zero,0.0
4,Region13Fujian,13,Fujian,Hydrogen,0.0,5.280566703580044,structural_zero,0.0
4,Region13Fujian,13,Fujian,Electricity,42.6119082641275,5.280566703580044,ok,8.06957106237065
4,Region14Jiangxi,14,Jiangxi,Investment,960.0786924401044,4.523480126625012,ok,212.24337580022117
4,Region14Jiangxi,14,Jiangxi,Fixed O&M,814.226422792508,4.523480126625012,ok,180.00000000000128
4,Region14Jiangxi,14,Jiangxi,Variable O&M,0.0,4.523480126625012,ok,0.0
4,Region14Jiangxi,14,Jiangxi,Coal,416.3031982456739,4.523480126625012,ok,92.03161870775799
4,Region14Jiangxi,14,Jiangxi,Natural Gas,0.0,4.523480126625012,structural_zero,0.0
4,Region14Jiangxi,14,Jiangxi,Steel Scrap,92.2789945831509,4.523480126625012,ok,20.400000000000144
4,Region14Jiangxi,14,Jiangxi,DRI,0.0,4.523480126625012,structural_zero,0.0
4,Region14Jiangxi,14,Jiangxi,Hydrogen,0.0,4.523480126625012,structural_zero,0.0
4,Region14Jiangxi,14,Jiangxi,Electricity,36.172985357320655,4.523480126625012,ok,7.996715879087873
4,Region15Shandong,15,Shandong,Investment,487.8976064806278,2.040767849815548,ok,239.07550607714924
4,Region15Shandong,15,Shandong,Fixed O&M,367.3382129669263,2.040767849815548,ok,180.00000000006256
4,Region15Shandong,15,Shandong,Variable O&M,0.0,2.040767849815548,ok,0.0
4,Region15Shandong,15,Shandong,Coal,161.64643690338974,2.040767849815548,ok,79.20863557214503
4,Region15Shandong,15,Shandong,Natural Gas,0.0,2.040767849815548,structural_zero,0.0
4,Region15Shandong,15,Shandong,Steel Scrap,41.63166413625164,2.040767849815548,ok,20.40000000000709
4,Region15Shandong,15,Shandong,DRI,0.0,2.040767849815548,structural_zero,0.0
4,Region15Shandong,15,Shandong,Hydrogen,0.0,2.040767849815548,structural_zero,0.0
4,Region15Shandong,15,Shandong,Electricity,16.555045166373233,2.040767849815548,ok,8.112164824563234
4,Region16Henan,16,Henan,Investment,697.7365605268379,3.0022359927221043,ok,232.40563440657627
4,Region16Henan,16,Henan,Fixed O&M,540.4024786900796,3.0022359927221043,ok,180.0000000000336
4,Region16Henan,16,Henan,Variable O&M,0.0,3.0022359927221043,ok,0.0
4,Region16Henan,16,Henan,Coal,241.01115177439587,3.0022359927221043,ok,80.27721750010495
4,Region16Henan,16,Henan,Natural Gas,0.0,3.0022359927221043,structural_zero,0.0
4,Region16Henan,16,Henan,Steel Scrap,61.245614251542364,3.0022359927221043,ok,20.40000000000381
4,Region16Henan,16,Henan,DRI,0.0,3.0022359927221043,structural_zero,0.0
4,Region16Henan,16,Henan,Hydrogen,0.0,3.0022359927221043,structural_zero,0.0
4,Region16Henan,16,Henan,Electricity,25.102463520054194,3.0022359927221043,ok,8.3612559375434
4,Region17Hubei,17,Hubei,Investment,945.3895182265366,4.6769559767598,ok,202.13778426058727
4,Region17Hubei,17,Hubei,Fixed O&M,841.8520758168196,4.6769559767598,ok,180.0000000000119
4,Region17Hubei,17,Hubei,Variable O&M,0.0,4.6769559767598,ok,0.0
4,Region17Hubei,17,Hubei,Coal,412.31112820599816,4.6769559767598,ok,88.15800923823272
4,Region17Hubei,17,Hubei,Natural Gas,0.0,4.6769559767598,structural_zero,0.0
4,Region17Hubei,17,Hubei,Steel Scrap,95.40990192590624,4.6769559767598,ok,20.400000000001352
4,Region17Hubei,17,Hubei,DRI,0.0,4.6769559767598,structural_zero,0.0
4,Region17Hubei,17,Hubei,Hydrogen,0.0,4.6769559767598,structural_zero,0.0
4,Region17Hubei,17,Hubei,Electricity,38.47152302874338,4.6769559767598,ok,8.225761204491066
4,Region18Hunan,18,Hunan,Investment,936.0486610513896,4.29965754884436,ok,217.70307295821175
4,Region18Hunan,18,Hunan,Fixed O&M,773.938358791997,4.29965754884436,ok,180.0000000000028
4,Region18Hunan,18,Hunan,Variable O&M,0.0,4.29965754884436,ok,0.0
4,Region18Hunan,18,Hunan,Coal,398.00171239676035,4.29965754884436,ok,92.56590969756027
4,Region18Hunan,18,Hunan,Natural Gas,0.0,4.29965754884436,structural_zero,0.0
4,Region18Hunan,18,Hunan,Steel Scrap,87.71301399642634,4.29965754884436,ok,20.400000000000325
4,Region18Hunan,18,Hunan,DRI,0.0,4.29965754884436,structural_zero,0.0
4,Region18Hunan,18,Hunan,Hydrogen,0.0,4.29965754884436,structural_zero,0.0
4,Region18Hunan,18,Hunan,Electricity,32.589639120808044,4.29965754884436,ok,7.579589479066146
4,Region19Guangdong,19,Guangdong,Investment,1076.9728208651834,5.703793422160787,ok,188.81694008777586
4,Region19Guangdong,19,Guangdong,Fixed O&M,1026.6828159889844,5.703793422160787,ok,180.00000000000747
4,Region19Guangdong,19,Guangdong,Variable O&M,0.0,5.703793422160787,ok,0.0
4,Region19Guangdong,19,Guangdong,Coal,451.7896945546015,5.703793422160787,ok,79.20863557212219
4,Region19Guangdong,19,Guangdong,Natural Gas,0.0,5.703793422160787,structural_zero,0.0
4,Region19Guangdong,19,Guangdong,Steel Scrap,116.35738581208493,5.703793422160787,ok,20.400000000000855
4,Region19Guangdong,19,Guangdong,DRI,0.0,5.703793422160787,structural_zero,0.0
4,Region19Guangdong,19,Guangdong,Hydrogen,0.0,5.703793422160787,structural_zero,0.0
4,Region19Guangdong,19,Guangdong,Electricity,62.73832541653894,5.703793422160787,ok,10.999403514998194
4,Region20Guangxi,20,Guangxi,Investment,894.4117315649057,4.492476309415489,ok,199.09102908130342
4,Region20Guangxi,20,Guangxi,Fixed O&M,808.6457356949303,4.492476309415489,ok,180.0000000000317
4,Region20Guangxi,20,Guangxi,Variable O&M,0.0,4.492476309415489,ok,0.0
4,Region20Guangxi,20,Guangxi,Coal,411.0495773797761,4.492476309415489,ok,91.49732776960539
4,Region20Guangxi,20,Guangxi,Natural Gas,0.0,4.492476309415489,structural_zero,0.0
4,Region20Guangxi,20,Guangxi,Steel Scrap,91.64651671209212,4.492476309415489,ok,20.400000000003594
4,Region20Guangxi,20,Guangxi,DRI,0.0,4.492476309415489,structural_zero,0.0
4,Region20Guangxi,20,Guangxi,Hydrogen,0.0,4.492476309415489,structural_zero,0.0
4,Region20Guangxi,20,Guangxi,Electricity,33.3517903112258,4.492476309415489,ok,7.423921243908611
4,Region22Chongqing,22,Chongqing,Investment,992.4664207877908,4.4256838099802644,ok,224.25154245084138
4,Region22Chongqing,22,Chongqing,Fixed O&M,796.623085796564,4.4256838099802644,ok,180.00000000002632
4,Region22Chongqing,22,Chongqing,Variable O&M,0.0,4.4256838099802644,ok,0.0
4,Region22Chongqing,22,Chongqing,Coal,360.0107875387183,4.4256838099802644,ok,81.3457994280716
4,Region22Chongqing,22,Chongqing,Natural Gas,0.0,4.4256838099802644,structural_zero,0.0
4,Region22Chongqing,22,Chongqing,Steel Scrap,90.2839497236106,4.4256838099802644,ok,20.400000000002986
4,Region22Chongqing,22,Chongqing,DRI,0.0,4.4256838099802644,structural_zero,0.0
4,Region22Chongqing,22,Chongqing,Hydrogen,0.0,4.4256838099802644,structural_zero,0.0
4,Region22Chongqing,22,Chongqing,Electricity,34.091957458110585,4.4256838099802644,ok,7.703206763490547
4,Region23Sichuan,23,Sichuan,Investment,939.0298356921172,4.3159839291541795,ok,217.57028086898893
4,Region23Sichuan,23,Sichuan,Fixed O&M,776.8771072478291,4.3159839291541795,ok,180.0000000000178
4,Region23Sichuan,23,Sichuan,Variable O&M,0.0,4.3159839291541795,ok,0.0
4,Region23Sichuan,23,Sichuan,Coal,374.14707517624424,4.3159839291541795,ok,86.68870906791521
4,Region23Sichuan,23,Sichuan,Natural Gas,0.0,4.3159839291541795,structural_zero,0.0
4,Region23Sichuan,23,Sichuan,Steel Scrap,88.04607215475399,4.3159839291541795,ok,20.40000000000202
4,Region23Sichuan,23,Sichuan,DRI,0.0,4.3159839291541795,structural_zero,0.0
4,Region23Sichuan,23,Sichuan,Hydrogen,0.0,4.3159839291541795,structural_zero,0.0
4,Region23Sichuan,23,Sichuan,Electricity,33.632577183764944,4.3159839291541795,ok,7.7925631178974415
4,Region24Guizhou,24,Guizhou,Investment,1065.925513145104,4.679875062106884,ok,227.76794230596906
4,Region24Guizhou,24,Guizhou,Fixed O&M,842.377511179297,4.679875062106884,ok,180.00000000001236
4,Region24Guizhou,24,Guizhou,Variable O&M,0.0,4.679875062106884,ok,0.0
4,Region24Guizhou,24,Guizhou,Coal,309.42635177966116,4.679875062106884,ok,66.11850694158427
4,Region24Guizhou,24,Guizhou,Natural Gas,0.0,4.679875062106884,structural_zero,0.0
4,Region24Guizhou,24,Guizhou,Steel Scrap,95.46945126698702,4.679875062106884,ok,20.40000000000141
4,Region24Guizhou,24,Guizhou,DRI,0.0,4.679875062106884,structural_zero,0.0
4,Region24Guizhou,24,Guizhou,Hydrogen,0.0,4.679875062106884,structural_zero,0.0
4,Region24Guizhou,24,Guizhou,Electricity,32.98403762923697,4.679875062106884,ok,7.048059444216771
4,Region25Yunnan,25,Yunnan,Investment,1157.3344019219037,5.646642416755787,ok,204.9597471388735
4,Region25Yunnan,25,Yunnan,Fixed O&M,1016.3956350160952,5.646642416755787,ok,180.00000000000946
4,Region25Yunnan,25,Yunnan,Variable O&M,0.0,5.646642416755787,ok,0.0
4,Region25Yunnan,25,Yunnan,Coal,319.042465175076,5.646642416755787,ok,56.501269538222004
4,Region25Yunnan,25,Yunnan,Natural Gas,0.0,5.646642416755787,structural_zero,0.0
4,Region25Yunnan,25,Yunnan,Steel Scrap,115.19150530182414,5.646642416755787,ok,20.400000000001075
4,Region25Yunnan,25,Yunnan,DRI,0.0,5.646642416755787,structural_zero,0.0
4,Region25Yunnan,25,Yunnan,Hydrogen,0.0,5.646642416755787,structural_zero,0.0
4,Region25Yunnan,25,Yunnan,Electricity,46.98743417769247,5.646642416755787,ok,8.321305071180433
4,Region27Shaanxi,27,Shaanxi,Investment,1031.6824663942248,4.69937139353574,ok,219.53626985374348
4,Region27Shaanxi,27,Shaanxi,Fixed O&M,845.8868508364974,4.69937139353574,ok,180.00000000001364
4,Region27Shaanxi,27,Shaanxi,Variable O&M,0.0,4.69937139353574,ok,0.0
4,Region27Shaanxi,27,Shaanxi,Coal,278.0746082475714,4.69937139353574,ok,59.1727243839632
4,Region27Shaanxi,27,Shaanxi,Natural Gas,0.0,4.69937139353574,structural_zero,0.0
4,Region27Shaanxi,27,Shaanxi,Steel Scrap,95.86717642813637,4.69937139353574,ok,20.400000000001548
4,Region27Shaanxi,27,Shaanxi,DRI,0.0,4.69937139353574,structural_zero,0.0
4,Region27Shaanxi,27,Shaanxi,Hydrogen,0.0,4.69937139353574,structural_zero,0.0
4,Region27Shaanxi,27,Shaanxi,Electricity,35.93490193656773,4.69937139353574,ok,7.646746538483484
4,Region28Gansu,28,Gansu,Investment,906.6360020463392,3.853823128689732,ok,235.25625639041402
4,Region28Gansu,28,Gansu,Fixed O&M,693.6881631642327,3.853823128689732,ok,180.000000000021
4,Region28Gansu,28,Gansu,Variable O&M,0.0,3.853823128689732,ok,0.0
4,Region28Gansu,28,Gansu,Coal,272.3110655695649,3.853823128689732,ok,70.65998009673797
4,Region28Gansu,28,Gansu,Natural Gas,0.0,3.853823128689732,structural_zero,0.0
4,Region28Gansu,28,Gansu,Steel Scrap,78.61799182527972,3.853823128689732,ok,20.400000000002382
4,Region28Gansu,28,Gansu,DRI,0.0,3.853823128689732,structural_zero,0.0
4,Region28Gansu,28,Gansu,Hydrogen,0.0,3.853823128689732,structural_zero,0.0
4,Region28Gansu,28,Gansu,Electricity,20.906361537290913,3.853823128689732,ok,5.424836802097584
4,Region29Qinghai,29,Qinghai,Investment,960.3072084636063,4.186663835842883,ok,229.3728959660483
4,Region29Qinghai,29,Qinghai,Fixed O&M,753.5994904518031,4.186663835842883,ok,180.0000000000201
4,Region29Qinghai,29,Qinghai,Variable O&M,0.0,4.186663835842883,ok,0.0
4,Region29Qinghai,29,Qinghai,Coal,271.2237201963858,4.186663835842883,ok,64.78277951871469
4,Region29Qinghai,29,Qinghai,Natural Gas,0.0,4.186663835842883,structural_zero,0.0
4,Region29Qinghai,29,Qinghai,Steel Scrap,85.40794225120436,4.186663835842883,ok,20.40000000000228
4,Region29Qinghai,29,Qinghai,DRI,0.0,4.186663835842883,structural_zero,0.0
4,Region29Qinghai,29,Qinghai,Hydrogen,0.0,4.186663835842883,structural_zero,0.0
4,Region29Qinghai,29,Qinghai,Electricity,29.191833413145616,4.186663835842883,ok,6.9725763896371085
4,Region30Ningxia,30,Ningxia,Investment,1054.473376253008,4.617347247718836,ok,228.3721192453009
4,Region30Ningxia,30,Ningxia,Fixed O&M,831.1225045894009,4.617347247718836,ok,180.00000000000225
4,Region30Ningxia,30,Ningxia,Variable O&M,0.0,4.617347247718836,ok,0.0
4,Region30Ningxia,30,Ningxia,Coal,241.76667785643224,4.617347247718836,ok,52.36051457379021
4,Region30Ningxia,30,Ningxia,Natural Gas,0.0,4.617347247718836,structural_zero,0.0
4,Region30Ningxia,30,Ningxia,Steel Scrap,94.19388385346544,4.617347247718836,ok,20.400000000000254
4,Region30Ningxia,30,Ningxia,DRI,0.0,4.617347247718836,structural_zero,0.0
4,Region30Ningxia,30,Ningxia,Hydrogen,0.0,4.617347247718836,structural_zero,0.0
4,Region30Ningxia,30,Ningxia,Electricity,34.30263231796663,4.617347247718836,ok,7.429077883391503
4,Region31Xinjiang,31,Xinjiang,Investment,1103.550472088818,5.23541598752136,ok,210.7856328358885
4,Region31Xinjiang,31,Xinjiang,Fixed O&M,942.3748777538784,5.23541598752136,ok,180.0000000000064
4,Region31Xinjiang,31,Xinjiang,Variable O&M,0.0,5.23541598752136,ok,0.0
4,Region31Xinjiang,31,Xinjiang,Coal,167.83412761448596,5.23541598752136,ok,32.05745790105684
4,Region31Xinjiang,31,Xinjiang,Natural Gas,0.0,5.23541598752136,structural_zero,0.0
4,Region31Xinjiang,31,Xinjiang,Steel Scrap,106.80248614543957,5.23541598752136,ok,20.40000000000073
4,Region31Xinjiang,31,Xinjiang,DRI,0.0,5.23541598752136,structural_zero,0.0
4,Region31Xinjiang,31,Xinjiang,Hydrogen,0.0,5.23541598752136,structural_zero,0.0
4,Region31Xinjiang,31,Xinjiang,Electricity,30.419927082445117,5.23541598752136,ok,5.810412611901549
